ChEMBL_ID,SMILES
CHEMBL268878,CC(C)Nc1cccnc1N1CCN(C(=O)c2cc3ccccc3[nH]2)CC1.CS(=O)(=O)O
CHEMBL266211,CCNc1cccnc1N1CCN(C(=O)c2cc3cc(F)ccc3[nH]2)CC1.CS(=O)(=O)O
CHEMBL266674,CC(C)Nc1cccnc1N1CCN(C(=O)c2cc3cc(F)ccc3[nH]2)CC1.CS(=O)(=O)O
CHEMBL7264,CCNc1cccnc1N1CCN(C(=O)c2cc3cc(OC)ccc3[nH]2)CC1.CS(=O)(=O)O
CHEMBL8421,Cn1cc(C2=NCC3(CC4CCC(C3)[N+]4(C)C)O2)c2ccccc21.[I-]
CHEMBL8776,COc1ccc([C@@H]2[C@@H](C(=O)O)[C@H](c3ccc4c(c3)OCO4)CN2C(=O)N2CCOCC2)cc1
CHEMBL10537,COc1cc(NC(=O)COc2ccc(Cl)cc2)c(Cl)cc1C(=O)N1CCN(C)CC1
CHEMBL11943,COc1ccc2c(c1OC)C[N+]1(C)CCc3cc4c(cc3C1C2)OCO4.[I-]
CHEMBL12194,Cc1ccc(S(=O)(=O)C2(CC#Cc3ccc(C(F)(F)F)cc3)SC(=O)NC2=O)cc1
CHEMBL443210,CCN1CCCC1CNC(=O)c1ccc(-n2ccnc2)cc1.Cc1ccc(S(=O)(=O)O)cc1
CHEMBL11988,CC1(C)C=C(n2ccccc2=O)c2cc(S(=O)(=O)NC(=O)NC3CCCCC3)ccc2O1
CHEMBL12936,CCOC(=O)c1cn(NC)c2cc(N3CCN(C)CC3)c(F)cc2c1=O.CS(=O)(=O)O
CHEMBL269421,CCN(CC)C(=O)[C@@H]1C=C2c3cccc4[nH]cc(c34)C[C@H]2N(C)C1.O=C(O)C(O)C(O)C(=O)O
CHEMBL413313,C[C@]1(c2ccc(F)cc2)O[C@@H]2CC3C4CCC5=CC(=O)CC[C@@H]5C4CC[C@]3(C)[C@]2(C(=O)CO)O1
CHEMBL13977,C[C@@]1(c2ccc(F)cc2)O[C@@H]2CC3C4CCC5=CC(=O)CC[C@@H]5C4CC[C@]3(C)[C@]2(C(=O)CO)O1
CHEMBL16672,CCCc1ccc2c(c1)CC=C(c1ccccc1)C(N1CCN(CC)CC1)=N2.O=C(O)/C=C/C(=O)O
CHEMBL16845,O=C(O)/C=C/C(=O)O.OCCN1CCN(C2=Nc3ccccc3CC=C2c2cccc(C(F)(F)F)c2)CC1
CHEMBL16916,CN1CCN(C2=Nc3ccccc3CC=C2c2cccc(C(F)(F)F)c2)CC1.O=C(O)/C=C/C(=O)O
CHEMBL16736,CCN1CCN(C2=Nc3ccc(C(C)C)cc3CC=C2c2ccccc2)CC1.O=C(O)/C=C/C(=O)O
CHEMBL16624,Clc1ccc(C2=CCc3ccc(Cl)cc3N=C2N2CCNCC2)cc1.O=C(O)/C=C/C(=O)O
CHEMBL16588,CCc1ccc2c(c1)CC=C(c1ccccc1)C(N1CCN(C(C)C)CC1)=N2.O=C(O)/C=C/C(=O)O
CHEMBL17018,Brc1ccc2c(c1)CC=C(c1ccccc1)C(N1CCNCC1)=N2.O=C(O)/C=C/C(=O)O
CHEMBL16822,COc1ccc(C2=CCc3ccccc3N=C2N2CCN(C)CC2)cc1.O=C(O)/C=C/C(=O)O
CHEMBL16635,CCCN1CCN(C2=Nc3ccc(CC)cc3CC=C2c2ccccc2)CC1.O=C(O)/C=C/C(=O)O
CHEMBL16953,Cc1ccc2c(c1)CC=C(c1ccccc1)C(N1CCN(CCO)CC1)=N2.O=C(O)/C=C/C(=O)O
CHEMBL274248,CCCN1CCN(C2=Nc3ccccc3CC=C2c2ccc(F)cc2)CC1.O=C(O)/C=C/C(=O)O
CHEMBL277588,Clc1ccccc1C1=CCc2ccccc2N=C1N1CCNCC1.O=C(O)/C=C/C(=O)O
CHEMBL276351,Clc1ccc(C2=CCc3ccccc3N=C2N2CCNCC2)cc1.O=C(O)/C=C/C(=O)O
CHEMBL17271,Clc1ccccc1C1=CCc2cc(Br)ccc2N=C1N1CCNCC1.O=C(O)/C=C/C(=O)O
CHEMBL275361,CC(C)c1ccc2c(c1)CC=C(c1ccccc1)C(N1CCN(C)CC1)=N2.O=C(O)/C=C/C(=O)O
CHEMBL17145,Clc1ccc2c(c1)N=C(N1CCNCC1)C(c1ccccc1)=CC2.O=C(O)/C=C/C(=O)O
CHEMBL19167,COc1cc2c(c(OC)c1OC)-c1ccc(OC)c(=O)cc1C(N)CC2.O=C(O)C(O)C(O)C(=O)O
CHEMBL282944,COc1cc(N(C)C)c(Cl)cc1C(=O)NCC1CCCN1C1CCCCC1.O=C(O)C(=O)O
CHEMBL21190,O=S(=O)(NS(=O)(=O)N1CCc2c(Cl)cccc2C1)N1CCc2c(Cl)cccc2C1
CHEMBL21433,O=S(=O)(NS(=O)(=O)N1CCc2cc(Cl)ccc2C1)N1CCc2cc(Cl)ccc2C1
CHEMBL278290,O=S(=O)(NS(=O)(=O)N1CCc2cccc(Cl)c2C1)N1CCc2cccc(Cl)c2C1
CHEMBL442530,O=S(=O)(NS(=O)(=O)N1CCc2ccc(Cl)cc2C1)N1CCc2ccc(Cl)cc2C1
CHEMBL279905,C[N+](C)(C)CCCN1c2ccccc2Sc2ccc(Cl)cc21.[I-]
CHEMBL688,CCC(=O)N(c1ccccc1)C1CCN(CCc2ccccc2)CC1.O=C(O)CC(O)(CC(=O)O)C(=O)O
CHEMBL442065,COc1ccccc1N1CCN(CCCCNC(=O)c2ccco2)CC1.O=C(O)/C=C/C(=O)O
CHEMBL23505,COc1ccccc1N1CCN(CCCCNC(=O)c2cccn2C)CC1.O=C(O)/C=C/C(=O)O
CHEMBL262636,Cc1onc(-c2ccccc2Cl)c1C(=O)N[C@@H]1C(=O)N2[C@@H]1SC(C)(C)[C@@H]2C(=O)[O-].[Na+]
CHEMBL26102,CCN1C(=O)c2c(nc(C(=O)NC)n2Cc2ccc(OC)c(Cl)c2)N2C1=N[C@@H]1CCC[C@@H]12
CHEMBL286723,CCN1C(=O)c2c(nc(C(N)=O)n2Cc2ccc(O)c(Br)c2)N2C1=N[C@@H]1CCC[C@@H]12
CHEMBL282114,CCN1C(=O)c2c(nc(OC)n2Cc2ccc(O)c(Br)c2)N2C1=N[C@@H]1CCC[C@@H]12
CHEMBL280581,CC(C)(C)n1cc(C(=O)O)c(=O)c2cc(F)c(N3C4CCC3CNC4)nc21.CS(=O)(=O)O
CHEMBL26325,CC(C)(C)n1cc(C(=O)O)c(=O)c2cc(F)c(N3CC4CCC(C3)N4)nc21.CS(=O)(=O)O
CHEMBL27177,CC(C)(C)n1cc(C(=O)O)c(=O)c2cc(F)c(N3CCNC(CF)C3)nc21.CS(=O)(=O)O
CHEMBL430739,CC(C)(C)n1cc(C(=O)O)c(=O)c2cc(F)c(N3CC4CC3CN4)cc21.CS(=O)(=O)O
CHEMBL26024,CN1C2CCC1CN(c1nc3c(cc1F)c(=O)c(C(=O)O)cn3C(C)(C)C)C2.CS(=O)(=O)O
CHEMBL27427,CC(C)(C)n1cc(C(=O)O)c(=O)c2cc(F)c(N3C[C@@H](CN)[C@H](F)C3)nc21.CS(=O)(=O)O
CHEMBL284635,CS(=O)(=O)O.C[C@H]1CN(c2nc3c(cc2F)c(=O)c(C(=O)O)cn3C(C)(C)C)C[C@@H]1N
CHEMBL282588,CS(=O)(=O)O.C[C@H]1CN(c2nc3c(cc2F)c(=O)c(C(=O)O)cn3C(C)(C)C)C[C@H]1N
CHEMBL25851,CC(C)(C)n1cc(C(=O)O)c(=O)c2cc(F)c(N3C[C@@H](N)[C@H](F)C3)nc21.CS(=O)(=O)O
CHEMBL283015,CC(C)(C)n1cc(C(=O)O)c(=O)c2cc(F)c(N3C[C@@H](N)[C@@H](F)C3)nc21.CS(=O)(=O)O
CHEMBL285601,CC[C@H]1CN(c2nc3c(cc2F)c(=O)c(C(=O)O)cn3C(C)(C)C)C[C@@H]1N.CS(=O)(=O)O
CHEMBL27521,Cc1cc2c(cc1Cl)N(C(=O)CN1CCN(CCO)CC1)c1ccccc1N(C)S2(=O)=O
CHEMBL32047,CN1C2CC[C@@H]1C[C@H](OC(=O)c1ccccc1)C2C(=O)OCc1ccccc1.O=C(O)/C=C/C(=O)O
CHEMBL283233,COc1cc(N(C)C)c(Cl)cc1C(=O)NCC1CN(Cc2ccccc2)CCO1.O=C(O)/C=C/C(=O)O
CHEMBL31864,COc1cc(N)c(Cl)cc1C(=O)N(C)CC1CN(Cc2ccccc2)CCO1.O=C(O)/C=C/C(=O)O
CHEMBL30478,CN(C)c1c(Cl)cc(C(=O)NCC2CN(Cc3ccccc3)CCO2)c(O)c1Cl.O=C(O)C(=O)O
CHEMBL283601,COc1ccccc1C(=O)NCC1CN(Cc2ccccc2)CCO1.O=C(O)/C=C/C(=O)O
CHEMBL417667,CNc1cc(OC)c(C(=O)NCC2CN(Cc3ccccc3)CCO2)cc1Cl.O=C(O)/C=C/C(=O)O
CHEMBL30772,CN(C)c1cc(O)c(C(=O)NCC2CN(Cc3ccccc3)CCO2)cc1Cl.O=C(O)C(=O)O
CHEMBL30610,COc1cc(C(=O)NCC2CN(Cc3ccccc3)CCO2)cc(OC)c1OC.O=C(O)C(=O)O
CHEMBL30461,O=C(NCC1CN(Cc2ccccc2)CCO1)c1ccc2c(c1)OCO2.O=C(O)/C=C/C(=O)O
CHEMBL30394,O=C(NCC1CN(Cc2ccccc2)CCO1)c1cccc2c1OCO2.O=C(O)/C=C/C(=O)O
CHEMBL33502,CC(=O)[O-].CCn1c(=O)/c(=C2\Sc3ccccc3N2C)s/c1=C\C1=[N+](CC)CCS1
CHEMBL33122,CC(=O)[O-].CCn1c(=O)/c(=C2\SC3=C(CCCC3)N2C)s/c1=C\c1scc[n+]1CC
CHEMBL35263,O=C(O)CN1C(=O)c2cc(Cl)ccc2N(Cc2ccc(Br)cc2F)[S+]1[O-]
CHEMBL289115,CN1C2CCC1CC(NC(=O)NC(=O)c1ccccc1OCC1CC1)C2.O=C(O)/C=C\C(=O)O
CHEMBL39934,CC(C)CCOc1ccccc1C(=O)NC(=O)NC1CC2CCC(C1)N2C.O=C(O)C(=O)O
CHEMBL39621,CC(C)COc1ccccc1C(=O)NC(=O)NC1CC2CCC(C1)N2C.O=C(O)/C=C/C(=O)O
CHEMBL431499,COc1ccccc1C(=O)NC(=O)NC1CC2CCCC(C1)N2C.Cc1ccc(S(=O)(=O)O)cc1
CHEMBL37239,CC(C)Oc1ccccc1C(=O)NC(=O)NC1CC2CCC(C1)N2C.O=C(O)/C=C\C(=O)O
CHEMBL43128,COc1cc(NC(C)CCCN)c2ncccc2c1.O=P(O)(O)O.O=P(O)(O)O
CHEMBL843,CN(CCOc1ccc(CC2SC(=O)NC2=O)cc1)c1ccccn1.O=C(O)/C=C\C(=O)O
CHEMBL42338,Cl.Cl.c1cc(N2CCN(c3ccc(C4=NCCCN4)cc3)CC2)ccc1C1=NCCCN1
CHEMBL43268,CCN(CC)CCn1sc2cc(C)cc(C)c2c1=O.O=S(=O)(O)c1ccc2ccccc2c1
CHEMBL45423,O=C(c1ccc(Cl)c(Cl)c1)N1CCC(F)(CNCc2cccc(N3CCC3)n2)CC1
CHEMBL295677,Cc1nn(-c2ccc(S(=O)(=O)NC(=O)NC3CCCCC3)cc2)c(C)c1Br
CHEMBL296504,COc1ccc(N2C[C@H](CN3CCC(O)(c4ccc5c(c4)OC(C)(C)O5)CC3)OC2=O)cc1
CHEMBL297818,CCN(CC)CC1CCCCN1CC(=O)N1c2cc(Cl)ccc2C(=O)Nc2cccnc21
CHEMBL49721,CCN(CC)CC1CCCCN1CC(=O)N1c2ccc(Cl)cc2C(=O)Nc2cccnc21
CHEMBL44773,CN(CC1CCCCN1CC(=O)N1c2ccccc2C(=O)Nc2cccnc21)C1CCCCC1
CHEMBL297933,COc1cccc2c1CC1(C2)C[C@@]2(O)C3Cc4ccc(O)c5c4C2(CCN3CC2CC2)C(O5)C1=O
CHEMBL299647,C(CN1CC[N+]2(CCCC2)CC1)CN1CC[N+]2(CCCC2)CC1.[Br-].[Br-]
CHEMBL50713,COc1ccc2c(c1)CC1(C2)C[C@@]2(O)C3Cc4ccc(O)c5c4C2(CCN3CC2CC2)C(O5)C1=O
CHEMBL299400,O=C(O)C(O)C(O)C(=O)O.Oc1ccc2c(c1)[C@@]13CCCC[C@@]1(O)[C@@H](C2)N(CC1CCC1)CC3
CHEMBL50684,C[C@H]1CC(=O)CC23CCN(CC4CCC4)C(Cc4ccc(O)cc42)[C@H]13.O=C(O)C(O)C(O)C(=O)O
CHEMBL300737,Cc1onc(-c2ccccc2Cl)c1C(=O)NC1C(=O)N2C1SC(C)(C)[C@@H]2C(=O)[O-].[Na+]
CHEMBL52627,CS(=O)(=O)Nc1ccc2c(c1)C(O)CC1(CCN(C3CCc4cc(C#N)ccc4C3)CC1)O2
CHEMBL52977,COc1cccc(C(=O)N(C)C2CCCC[C@H]2N(C)C)c1.Cc1ccc(S(=O)(=O)O)cc1
CHEMBL293052,C=CCN(C)[C@@H]1CCCCC1N(C)C(=O)c1ccc(Cl)c(Cl)c1.CS(=O)(=O)O
CHEMBL293265,CCc1nc(N)nc(N)c1-c1ccc(Cl)c(/N=N/N2CCOCC2)c1.CS(=O)(=O)O
CHEMBL58510,CCN(CC)CCCC(C)Nc1ccnc2cc(Cl)ccc12.O=P(O)(O)O.O=P(O)(O)O
CHEMBL60041,CCn1c(=O)c2[nH]c(Cc3ccc(Br)cc3)nc2n(CC(C)C)c1=O.O=C(O)C(F)(F)F
CHEMBL61875,CC(C)Cn1c(=O)[nH]c(=O)c2[nH]c(Cc3ccc(Br)cc3)nc21.O=C(O)C(F)(F)F
CHEMBL59727,CC(C)Cn1c(=O)n(C)c(=O)c2[nH]c(Cc3ccc(Br)cc3)nc21.O=C(O)C(F)(F)F
CHEMBL277567,CC(C)N(C(=O)N1CCN(C(=O)N(c2ccccc2)c2ccccc2)[C@H](C(=O)O)C1)C(C)C
CHEMBL64223,Cc1ccc(Cl)cc1N1CCN(CC(=O)NC2c3c(O)c(C)cc(C)c3CC2(C)C)CC1
CHEMBL302392,Cc1ccc(N2CCN(CC(=O)NC3c4c(O)c(C)cc(C)c4CC3(C)C)CC2)cc1Cl
CHEMBL59935,COc1cccc(N2CCN(CC(=O)NC3c4c(c(C)cc(C)c4OC)CC3(C)C)CC2)c1
CHEMBL64119,CC(C)Oc1cccnc1N(C)C1CCN(Cc2ccccc2)CC1.O=C(O)/C=C\C(=O)O
CHEMBL431551,CCNC(=O)CC1C(=O)N(Cc2ccc(Br)cc2F)C(=O)c2ccc(F)cc21
CHEMBL64263,O=C(O)/C=C/C(=O)O.O=C(O)c1ccc2c(c1)/C(=C/CN1CCOCC1)c1ccccc1CO2
CHEMBL62505,CN1CCN(C/C=C2\c3ccccc3COc3ccc(C(=O)O)cc32)CC1.O=C(O)/C=C/C(=O)O
CHEMBL304223,O=C(O)/C=C/C(=O)O.O=C(O)c1ccc2c(c1)/C(=C\CCN1CCCC1)c1ccccc1CO2
CHEMBL264979,CN(C)CC/C=C1/c2ccccc2COc2ccc(/C=C/C(=O)O)cc21.O=C(O)/C=C/C(=O)O
CHEMBL273716,CN1CCN(C/C=C2\c3ccccc3COc3ccc(CC(=O)O)cc32)CC1.O=C(O)/C=C/C(=O)O
CHEMBL63746,O=C(O)/C=C/C(=O)O.O=C(O)c1ccc2c(c1)/C(=C/CN1CCSCC1)c1ccccc1CO2
CHEMBL63596,CCN(CC)CC/C=C1/c2ccccc2COc2ccc(C(=O)O)cc21.O=C(O)/C=C/C(=O)O
CHEMBL292334,CN1CC2CCC1CC2OC(=O)n1c(=O)[nH]c2ccccc21.O=C(O)CC(O)(CC(=O)O)C(=O)O
CHEMBL303463,CN1C2CCCC1CC(OC(=O)n1c(=O)[nH]c3ccccc31)C2.O=C(O)CC(O)(CC(=O)O)C(=O)O
CHEMBL431363,COc1cccc2c(C(=O)NC3C(C)(C)[C@@H]4CC[C@@]3(C)C4)c(C)n(CCN3CCOCC3)c12
CHEMBL445361,CC(=O)NC[C@H]1CN(c2ccc(/C=C(\Br)c3c(C)oc[n+]3C)c(F)c2)C(=O)O1
CHEMBL67840,COc1ccncc1/C(Br)=C/c1ccc(N2C[C@H](CNC(C)=O)OC2=O)cc1F
CHEMBL69975,CC(=O)NC[C@H]1CN(c2ccc(/C=C(\Br)c3cncc(C#N)c3)c(F)c2)C(=O)O1
CHEMBL67161,COc1cc([C@@H]2c3cc4c(cc3[C@H](O)[C@H]3COC(CC(C)=O)[C@H]23)OCO4)cc(OC)c1OC
CHEMBL69498,COc1cc(OC2CCNCC2)ccc1C(=O)N1CCC(N2C(=O)OCc3ccccc32)CC1
CHEMBL303022,CC1(C)Oc2ccc(C#N)cc2C(N2CC[N+](C)(C)CC2=O)[C@@H]1O.[I-]
CHEMBL308997,CN(C)CCNC1=CC2=NCCc3c[nH]c(c32)C1=O.O=C(O)C(F)(F)F.O=C(O)C(F)(F)F
CHEMBL72625,O=C(O)C(F)(F)F.O=C(O)C(F)(F)F.O=C1C(NCCN2CCCC2)=CC2=NCCc3c[nH]c1c32
CHEMBL303468,C[C@@](O)(C(=O)Nc1ccc(C(=O)N2CCN(c3ccccn3)CC2)cc1Cl)C(F)(F)F
CHEMBL80741,O=C(O)C1Nc2cc(Cl)cc(Cl)c2S(=O)(=O)N1Cc1cccc(Br)c1
CHEMBL309858,O=C(O)/C=C/C(=O)O.c1ccc(N2CCN(CCCCNC3=Nc4ccccc4OC3)CC2)cc1
CHEMBL80645,O=C(O)/C=C/C(=O)O.c1cnc(N2CCN(CCCCCNC3=Nc4ccccc4OC3)CC2)nc1
CHEMBL80627,O=C(O)/C=C/C(=O)O.c1ccc(N2CCN(CCCCCNC3=Nc4ccccc4OC3)CC2)nc1
CHEMBL310311,O=C(O)/C=C/C(=O)O.c1ccc(N2CCN(CCCNC3=Nc4ccccc4OC3)CC2)nc1
CHEMBL309843,O=C(O)/C=C/C(=O)O.c1cnc(N2CCN(CCCCNC3=Nc4ccccc4OC3)CC2)nc1
CHEMBL432750,COc1cccc2c(C(=O)N[C@@H]3C4(C)CCC(C4)C3(C)C)c(C)n(CCN3CCOCC3)c12
CHEMBL311216,Cc1noc(NS(=O)(=O)c2cc(Br)ccc2Br)c1Br
CHEMBL80655,O=C(O)/C=C/C(=O)O.c1cnc(N2CCN(CCCNC3=Nc4ccccc4OC3)CC2)nc1
CHEMBL412665,O=C(O)/C=C/C(=O)O.c1ccc(N2CCN(CCCNC3=Nc4ccccc4OC3)CC2)cc1
CHEMBL80711,COc1ccccc1N1CCN(CCCNC2=Nc3ccccc3OC2)CC1.O=C(O)/C=C/C(=O)O
CHEMBL80439,COc1cccc2c(C(=O)N[C@H]3C4(C)CCC(C4)C3(C)C)c(C)n(CCN3CCOCC3)c12
CHEMBL311824,O=C(CN1CCCCC1)N1CCC(CNc2nc3c(s2)CCOc2ccc(F)cc2-3)CC1
CHEMBL79302,O=C(CN1CCOCC1)N1CCC(CNc2nc3c(s2)CCOc2ccc(F)cc2-3)CC1
CHEMBL79714,CN1CCN(CC(=O)N2CCC(CNc3nc4c(s3)CCCc3ccc(F)cc3-4)CC2)CC1
CHEMBL81586,O=C(CN1CCOCC1)N1CCC(CNc2nc3c(s2)CCCc2ccc(F)cc2-3)CC1
CHEMBL79899,O=C(NCC1CCNCC1)[C@@H]1CC[C@H]2[C@@H](OCc3ccccc3)CCC(=O)N12.O=C(O)C(F)(F)F
CHEMBL312630,NCc1ccc(CNC(=O)[C@@H]2CC[C@H]3[C@@H](OCc4ccccc4)CCC(=O)N23)cc1.O=C(O)C(F)(F)F
CHEMBL82080,O=C(CN1CCCCC1)N1CCC(CNc2nc3c(s2)CCCc2ccc(F)cc2-3)CC1
CHEMBL310879,C[C@@H]1CN(C(=O)[C@@](C)(O)C(F)(F)F)[C@@H](C)CN1C(=O)c1ccc(C(=O)c2ccccc2)cc1
CHEMBL83701,Oc1c(I)cc(CCc2ccncc2)cc1I
CHEMBL83984,COC(=O)N(CC(=O)O)C(=O)c1c(Br)ccc2c(C(F)(F)F)c(OC)ccc12
CHEMBL85564,O=C(CC1CCNCC1)N1CCN(C2c3ccc(Cl)cc3SCc3cccnc32)CC1
CHEMBL315339,CN1Cc2cccnc2C(N2CCN(C(=O)CC3CCNCC3)CC2)c2ccc(Cl)cc21
CHEMBL83406,COc1cc2c(c(OC)c1OC)-c1ccc(OC)c(=O)cc1[C@@H](NC(=O)C(F)(F)F)CC2
CHEMBL83580,O=C(O)/C=C\C(=O)O.O=C1NC(=O)/C(=C/c2ccc(OCC3CN(c4ccccn4)CCO3)cc2)S1
CHEMBL84628,O=C(O)/C=C\C(=O)O.O=C1NC(=O)/C(=C/c2ccc(OC[C@@H]3CCCN3c3ccccn3)cc2)S1
CHEMBL85912,O=C(O)/C=C\C(=O)O.O=C1NC(=O)C(Cc2ccc(OC[C@@H]3CCCN3c3ccccn3)cc2)S1
CHEMBL315033,COC(=O)[C@]12CCCN1C(=O)[C@](Cc1ccc3ccccc3c1)(NC(=O)OC(C)(C)C)CC2
CHEMBL89603,CCOC(C)=O.COC1(c2cc(F)cc(OCc3cc4ccccc4nc3O)c2)CCOCC1
CHEMBL89087,COc1cc2c(c(OC)c1OC)-c1ccc(=O)c(OC)cc1[C@@H](NC(=O)C(F)(F)F)CC2
CHEMBL90132,CC(=O)NC[C@H]1CN(c2ccc(N3CCN(C(=O)c4cc(C#N)no4)CC3)c(F)c2)C(=O)O1
CHEMBL91327,CC(=O)NC[C@H]1CN(c2ccc(N3CCN(C(=O)c4cc(Cl)no4)CC3)c(F)c2)C(=O)O1
CHEMBL316314,N#Cc1c(NC(=O)c2cc(S(=O)(=O)N3CCOCC3)ccc2Cl)sc2c1CCC2
CHEMBL328961,N#Cc1c(NC(=O)c2cc(S(=O)(=O)N3CCOCC3)c(F)cc2Cl)sc2c1CCC2
CHEMBL92119,N#Cc1c(NC(=O)c2cc(S(=O)(=O)N3CCOCC3)c(Cl)cc2Cl)sc2c1CCC2
CHEMBL315584,N#Cc1c(NC(=O)c2cc(S(=O)(=O)N3CCOCC3)ccc2Cl)sc2c1CCCC2
CHEMBL91823,CCOc1ccc(S(=O)(=O)N2CCOCC2)cc1C(=O)Nc1sc2c(c1C#N)CCC2
CHEMBL91833,CN(C)c1ccc(S(=O)(=O)N2CCOCC2)cc1C(=O)Nc1sc2c(c1C#N)CCC2
CHEMBL433178,C/C(=C\c1ncc(C(=O)O)n1S(=O)(=O)N(C)C)c1cc2c(cc1C)C(C)(C)CCC2(C)C
CHEMBL329317,O=C(O)C1Nc2cc(Cl)cc(Cl)c2S(=O)(=O)N1Cc1ccccc1C(F)(F)F
CHEMBL92527,O=C(O)C1Nc2cc(Cl)cc(Cl)c2S(=O)(=O)N1Cc1ccc(C(F)(F)F)cc1
CHEMBL92410,O=C1NCCCN1CCN1CCN(C2CC(c3ccc(F)cc3)c3cc(Cl)ccc32)CC1
CHEMBL329743,O=C1NCCN1CCCN1CCN(C2CC(c3ccc(F)cc3)c3cc(Cl)ccc32)CC1
CHEMBL92673,O=C(O)C(=O)O.O=C(c1ccc(F)cc1)C1CCN(CCC2Cc3sccc3C2=O)CC1
CHEMBL329012,O=C(O)/C=C\C(=O)O.O=C1Cc2cc3c(CCC4CCN(Cc5ccccc5)CC4)noc3cc2N1
CHEMBL94501,CC1(C)N=C(N)N=C(N)N1c1ccc(OCc2cccc(C(=O)N3CCCC3)c2)c(Cl)c1
CHEMBL95297,COc1c(N2C[C@@H](N)[C@H](C(F)(F)F)C2)c(F)cc2c(=O)c(C(=O)O)cn(C3CC3)c12.O=C(O)C(F)(F)F
CHEMBL99401,OC1(c2ccc3c(c2)OCO3)CCC(N2CCN(Cc3cccc(Br)c3)CC2)CC1
CHEMBL97903,CC(C)n1c(=O)n(C(=O)NCCN2CC[N+](C)(C)CC2)c2ccccc21.[I-]
CHEMBL95968,CCCC[N+]1(C)CCN(CCNC(=O)n2c(=O)n(C(C)C)c3ccccc32)CC1.[I-]
CHEMBL98412,OC1(c2ccc3c(c2)OCO3)CCC(N2CCN(Cc3ccccc3Br)CC2)CC1
CHEMBL95994,Cc1c(C)c2c(c(C)c1O)CCC(C)(CC[S+](C)C)O2.Cc1ccc(S(=O)(=O)[O-])cc1
CHEMBL329473,C=C(C)CN1CCC23c4c5ccc(OC)c4O[C@H]2C(=O)C2(Cc4ccccc4C2)C[C@@]3(O)C1C5
CHEMBL317220,Cc1c(C)c2c(c(C)c1O)CC[C@@](C)(CC[N+](C)(C)C)O2.Cc1ccc(S(=O)(=O)[O-])cc1
CHEMBL95570,Cc1c(C)c2c(c(C)c1O)CC[C@](C)(CC[N+](C)(C)C)O2.Cc1ccc(S(=O)(=O)[O-])cc1
CHEMBL99134,Cc1c(C)c2c(c(C)c1O)CCC(C)(CC[N+](C)(C)C)O2.Cc1ccc(S(=O)(=O)[O-])cc1
CHEMBL410909,COc1ccc2c(c1O)C13CCN(C)C(C2)C12C=CC1(OC)[C@H]3N=C(c3ccccc3)[C@]1(C)C2
CHEMBL100971,Cc1ncccc1C(C#N)N1CCN(C(=O)CC(NC(=O)N2CCCC2)c2ccccc2)CC1
CHEMBL319363,Cc1cc(C)[n+](CC(=O)Nc2ccc(S(N)(=O)=O)cc2Br)c(C)c1.[O-][Cl+3]([O-])([O-])[O-]
CHEMBL320436,Cc1cc(C)[n+](CC(=O)/N=c2/sc(S(N)(=O)=O)nn2C)c(C)c1.[O-][Cl+3]([O-])([O-])[O-]
CHEMBL103407,Cc1cc(C)[n+](CC(=O)NCCc2ccc(S(N)(=O)=O)cc2)c(C)c1.[O-][Cl+3]([O-])([O-])[O-]
CHEMBL554264,Cc1cc(C)[n+](CC(=O)Nc2ccc(S(N)(=O)=O)cc2F)c(C)c1.[O-][Cl+3]([O-])([O-])[O-]
CHEMBL102656,Cc1cc(C)[n+](CC(=O)Nc2ccc(S(N)(=O)=O)cc2Cl)c(C)c1.[O-][Cl+3]([O-])([O-])[O-]
CHEMBL103791,CCCN1C(=O)C(NC(=O)Nc2cccc(OC)c2)N=C(N2CCN(C)CC2)c2ccccc21
CHEMBL102633,CCCN1C(=O)C(NC(=O)Nc2cccc(CC)c2)N=C(N2CCN(C)CC2)c2ccccc21
CHEMBL102590,Cc1cc2c(cc1C(=O)N1CCC(N(C)CCc3ccccc3)CC1)CCC(=O)N2.O=C(O)C(=O)O
CHEMBL102579,CCc1cc(C(=O)N2CCC(N(C)CCc3ccccc3)CC2)cc2c1NC(=O)CC2.O=C(O)C(=O)O
CHEMBL101694,O=C1[C@@H]2Oc3c(O)ccc4c3C23CCN(CC2CC2)C(C4)[C@]3(O)C[C@]12CCc1ccccc1C2
CHEMBL105081,O=C1[C@@H]2Oc3c(O)ccc4c3C23CCN(CC2CC2)C(C4)[C@]3(O)C[C@@]12CCc1ccccc1C2
CHEMBL107772,Cc1ccccc1N1CCN(C(=O)Oc2ccc(Cl)c(N3CCN(C)CC3)c2)CC1.O=C(O)/C=C/C(=O)O
CHEMBL105970,COc1ccc(NC(=O)N2CCN(c3ccccc3C)CC2)cc1N1CCN(C)CC1.O=C(O)/C=C/C(=O)O
CHEMBL325131,COc1ccc(NC(=O)N2CCN(c3ccccc3)CC2)cc1N1CCN(C)CC1.O=C(O)/C=C/C(=O)O
CHEMBL106807,Cc1ccccc1N1CCN(C(=O)COc2ccc(Cl)c(N3CCN(C)CC3)c2)CC1.O=C(O)/C=C/C(=O)O
CHEMBL110601,COc1ccc(NCC(=O)N2CCN(c3ccccc3C)CC2)cc1N1CCN(C)CC1.O=C(O)/C=C/C(=O)O
CHEMBL323986,COc1ccc(NC(=O)N2CCN(c3ccc(C)cc3C)CC2)cc1N1CCN(C)CC1.O=C(O)/C=C/C(=O)O
CHEMBL430500,COc1ccc(NC(=O)N2CCN(c3ccccc3OC)CC2)cc1N1CCN(C)CC1.O=C(O)/C=C/C(=O)O
CHEMBL111302,COc1ccc(NC(=O)N2CCN(c3c(C)cccc3C)CC2)cc1N1CCN(C)CC1.O=C(O)/C=C/C(=O)O
CHEMBL325359,COc1ccc(NC(=O)N2CCN(c3cccc4c3CCCC4)CC2)cc1N1CCN(C)CC1.O=C(O)/C=C/C(=O)O
CHEMBL108645,COc1ccc(N2CCN(C(=O)Nc3ccc(OC)c(N4CCN(C)CC4)c3)CC2)cc1.O=C(O)/C=C/C(=O)O
CHEMBL108722,COc1cccc(N2CCN(C(=O)Nc3ccc(OC)c(N4CCN(C)CC4)c3)CC2)c1.O=C(O)/C=C/C(=O)O
CHEMBL324597,COc1c(O)ccc2c1-c1c(OC)c(O)cc3c1[C@H](C2)N(C)CC3.O=[N+]([O-])c1cc([N+](=O)[O-])c(O)c([N+](=O)[O-])c1
CHEMBL420304,COc1ccc2c(c1OC)-c1c3c(cc4c1[C@H](C2)[N+](C)(C)CC4)OCO3.[I-]
CHEMBL112640,COc1cc2c(cc1O)C[C@H]1c3c(cc(OC)c(OC)c3-2)CC[N+]1(C)C.[I-]
CHEMBL419209,COc1c(O)ccc2c1-c1c(OC)c(O)cc3c1[C@H](C2)[N+](C)(C)CC3.[I-]
CHEMBL332493,COc1ccc2c(c1OC)-c1c(OC)c(OC)cc3c1[C@H](C2)[N+](C)(C)CC3.[I-]
CHEMBL323444,CN1CCc2cc3c(c4c2[C@@H]1Cc1ccc2c(c1-4)OCO2)OCO3.O=[N+]([O-])c1cc([N+](=O)[O-])c(O)c([N+](=O)[O-])c1
CHEMBL326435,COc1cc2c(c(OC)c1OC)-c1ccc(=O)c(OC)cc1C(NC(=O)C(F)(F)F)CC2
CHEMBL112716,CS(=O)(=O)O.Cn1c(N2CCN(CCCOc3ccccc3)CC2)cc(=O)n(C)c1=O
CHEMBL115677,CC(O)COc1ccc(NC(=O)CC[S+](C)C)cc1.Cc1ccc(S(=O)(=O)[O-])cc1
CHEMBL115222,CNC(=O)CN1CN(c2ccccc2)C2(CCN(Cc3cc4c(cc3Cl)OCO4)CC2)C1=O
CHEMBL332760,CC(C)c1ccc(NC(=O)Oc2ccc3c(c2)[C@]2(C)CCN(C)[C@@H]2N3C)cc1.O=C(O)C(O)C(O)C(=O)O
CHEMBL122834,CCc1ccccc1NC(=O)Oc1ccc2c(c1)[C@]1(C)CCN(C)[C@@H]1N2C.O=C(O)C(O)C(O)C(=O)O
CHEMBL340088,NC1CCC(CNC(=O)[C@@H]2CCCN2C(=O)CC2c3ccccc3CCc3ccccc32)CC1.O=C(O)C(F)(F)F
CHEMBL121487,CC(CF)(CF)n1cc(C(=O)O)c(=O)c2cc(F)c(N3CC[C@H](N)C3)nc21.CS(=O)(=O)O
CHEMBL123249,CN1CC[C@@]2(C)c3cc(OC(=O)Nc4ccccc4)ccc3N(C)[C@@H]12.O=C(O)C(O)C(O)C(=O)O
CHEMBL120279,Cc1ccccc1NC(=O)Oc1ccc2c(c1)[C@]1(C)CCN(C)[C@@H]1N2C.O=C(O)C(O)C(O)C(=O)O
CHEMBL122274,CC(C)(CF)n1cc(C(=O)O)c(=O)c2cc(F)c(N3CC[C@H](N)C3)cc21.CS(=O)(=O)O
CHEMBL123488,O=C(O)CC(O)C(=O)O.O=C1c2ccccc2CCC12CCN(Cc1ccc(C(F)(F)F)cc1)CC2
CHEMBL122165,O=C(O)/C=C/C(=O)O.O=C1c2c(F)cc(F)cc2CCC12CCN(CCc1ccccc1)CC2
CHEMBL123240,CC(=O)NC[C@H]1CN(c2ccc(N3CCN(c4nc(C)cc(C)c4C#N)CC3)c(F)c2)C(=O)O1
CHEMBL124295,CC(=O)NC[C@H]1CN(c2ccc(N3CCN(c4cc(C)c(Cl)nn4)CC3)c(F)c2)C(=O)O1
CHEMBL333679,CC(CF)(CF)n1cc(C(=O)O)c(=O)c2cc(F)c(N3CC[C@H](N)C3)cc21.CS(=O)(=O)O
CHEMBL122898,CS(=O)(=O)O.C[C@H]1C[C@H](N)CN1c1cc2c(cc1F)c(=O)c(C(=O)O)cn2C(C)(C)CF
CHEMBL123949,CC(=O)NC[C@H]1CN(c2ccc(N3CCN(c4nnc(Cl)c(C)c4C)CC3)c(F)c2)C(=O)O1
CHEMBL124612,COc1cc(Br)cc(C(=O)NC2CCN(Cc3ccc(F)cc3)CC2)c1OC
CHEMBL125631,CCCC(NC(=O)[C@@H]1C[C@@H](O)CN1C(C)=O)C(=O)c1nc2ccccc2s1.O=C(O)C(F)(F)F
CHEMBL127979,COc1ccccc1N1CCN(CCCN2C(=O)c3ccccc3C2=O)CC1.O=C(O)C(=O)O
CHEMBL340920,CC(=O)NC1C(=O)[C@]2(CS(=O)(=O)N3CCC4(CCc5ccccc54)CC3)CCC1C2(C)C
CHEMBL131101,CC1(C)[C@@H]2CC[C@@]1(CS(=O)(=O)N1CCC3(C=Cc4ccccc43)CC1)C1(CNC(=O)O1)C2
CHEMBL130768,CC1(C)[C@@H]2CC[C@@]1(CS(=O)(=O)N1CCC3(CCc4ccccc43)CC1)[C@@H](N1CCNC1=O)C2
CHEMBL336195,CC1(C)[C@@H]2CC[C@@]1(CS(=O)(=O)N1CCC3(CCc4ccccc43)CC1)[C@@H](N1CCC(N)C1=O)C2
CHEMBL339553,C1CCC(NC2CCCCC2)CC1.COc1ccc2c(c1)CC(C(=O)O)N2C(=O)C(C)CSC(=O)c1ccccc1
CHEMBL422611,C1CCC(NC2CCCCC2)CC1.CCc1ccc2c(c1)CC(C(=O)O)N2C(=O)C(C)CSC(=O)c1ccccc1
CHEMBL339895,C1CCC(NC2CCCCC2)CC1.CC(=O)SCC(C)C(=O)N1c2ccccc2CC1C(=O)O
CHEMBL336095,O=C1/C(=N/CCc2cc(Br)c(O)c(Br)c2)C=C(O)c2cccnc21
CHEMBL134303,CC1(C)CCc2cc3c(C(F)(F)F)cc(N(S(C)(=O)=O)S(C)(=O)=O)nc3cc2N1
CHEMBL445855,O=C(CO)N1CC=C(c2c(F)cc(N3C[C@H](COc4cnsn4)OC3=O)cc2F)CC1
CHEMBL135844,CC1([N+](C)(C)C)CN(c2c(F)cc3c(=O)c(C(=O)O)cn(C4CC4)c3c2F)C1.[I-]
CHEMBL132141,CC[N+](C)(C)C1CN(c2cc3c(cc2F)c(=O)c(C(=O)O)cn3C2CC2)C1.[I-]
CHEMBL136615,CC1(CN2CCC(COc3ccc(F)cc3)CC2)CC1(Cl)Cl.O=C(O)/C=C/C(=O)O
CHEMBL343802,COc1ccc(CN2CCC(COc3ccc(F)cc3)CC2)cc1.O.O=C(O)/C=C\C(=O)O
CHEMBL342014,C[C@@H]1C(=O)N(C(=O)C2CC2)[C@H]2CCN(C(=O)[C@@H]3CCCN3C(=O)Nc3ccc(Cl)cc3)[C@H]12
CHEMBL138413,C[C@@H]1C(=O)N(C(=O)C2CC2)[C@H]2CCN(C(=O)[C@@H]3CCCN3C(=O)Nc3cccc(Cl)c3)[C@H]12
CHEMBL141638,CC(C)n1cc2c3c(cccc31)C1C[C@@H](C(=O)OC3CCOCC3)CN(C)C1C2.O=C(O)/C=C\C(=O)O
CHEMBL141737,CC(C)n1cc2c3c(cccc31)C1C[C@@H](C(=O)OC3CCCC3)CN(C)C1C2.O=C(O)/C=C\C(=O)O
CHEMBL342631,CC(C)c1ccc(NC(=O)N2CCC[C@H]2C(=O)N2CC[C@H]3[C@H]2[C@H](C)C(=O)N3c2nccs2)cc1
CHEMBL342933,CC(C)n1cc2c3c(cccc31)C1C[C@@H](C(=O)OC3CCCCC3=O)CN(C)C1C2.O=C(O)/C=C\C(=O)O
CHEMBL343505,CC(C)n1cc2c3c(cccc31)C1C[C@@H](C(=O)OC3CCCCC3O)CN(C)C1C2.O=C(O)/C=C\C(=O)O
CHEMBL336262,CC(O)C(C)OC(=O)[C@@H]1CC2c3cccc4c3c(cn4C(C)C)CC2N(C)C1.O=C(O)/C=C\C(=O)O
CHEMBL140492,CN1C[C@H](C(=O)OC2CCCCC2)CC2c3cccc4[nH]cc(c34)CC21.O=C(O)/C=C\C(=O)O
CHEMBL139206,CN1C[C@H](C(=O)OC2CCCCC2)CC2c3cccc4c3c(cn4C)CC21.O=C(O)/C=C\C(=O)O
CHEMBL138047,CC(C)n1cc2c3c(cccc31)C1C[C@@H](C(=O)OC3CCC3)CN(C)C1C2.O=C(O)/C=C\C(=O)O
CHEMBL138200,CC(C)n1cc2c3c(cccc31)C1C[C@@H](C(=O)OC3CCC(=O)CC3)CN(C)C1C2.O=C(O)/C=C\C(=O)O
CHEMBL142183,CC(O)(C(=O)Nc1ccc(S(=O)(=O)c2ccc(Br)cc2)cc1)C(F)(F)F
CHEMBL142820,O=C1CC2(C(=O)N1)c1ccccc1S(=O)(=O)N2Cc1ccc(Br)cc1Cl
CHEMBL344118,O=C(c1ccc(Br)cc1)N1CCN(C(=O)C2CCN(c3ccncc3)CC2)CC1
CHEMBL144638,CC1(C)Oc2ccc(C#N)cc2[C@@H](n2cc(Br)cc(Br)c2=O)[C@@H]1O
CHEMBL343189,Cc1cc(O)cc(C)c1C[C@@H](C(=O)N1Cc2ccccc2C[C@H]1C(=O)NC(C)(C)C)N(C)C
CHEMBL151660,CN1C(C(=O)Nc2cccc[n+]2C)=C(O)c2ccccc2S1(=O)=O.[I-]
CHEMBL423403,N[C@@H]1CN(c2cc3c(cc2F)c(=O)c(C(=O)O)cn3C2CC2)C[C@H]1N.O=C(O)C(F)(F)F
CHEMBL356861,Oc1ccc2c3c1O[C@H]1c4ncc(Br)cc4C[C@@]4(O)[C@@H](C2)N(CC2CC2)CC[C@]314
CHEMBL423410,C[C@H](O)CN1CCN(CCOC(c2ccccc2)c2ccccc2)CC1.O=C(O)/C=C/C(=O)O
CHEMBL347105,CCN1CCN(CCOC(c2ccc(F)cc2)c2ccc(F)cc2)CC1.O=C(O)/C=C/C(=O)O
CHEMBL153725,C[C@@H](O)CN1CCN(CCOC(c2ccc(F)cc2)c2ccc(F)cc2)CC1.O=C(O)/C=C/C(=O)O
CHEMBL424521,C[C@@H](O)CN1CCN(CCOC(c2ccccc2)c2ccccc2)CC1.O=C(O)/C=C/C(=O)O
CHEMBL152428,C[C@H](O)CN1CCN(CCOC(c2ccc(F)cc2)c2ccc(F)cc2)CC1.O=C(O)/C=C/C(=O)O
CHEMBL157454,COc1ccc(S(=O)(=O)N2CCc3c(Cl)ccc(Cl)c3C2)cc1N1CCNCC1
CHEMBL151998,COc1ccc(S(=O)(=O)N2CCCc3c(Cl)cc(Cl)cc32)cc1N1CCNCC1
CHEMBL152806,COc1ccc(S(=O)(=O)N2CCCc3cc(Br)ccc32)cc1N1CCNCC1
CHEMBL356021,COc1ccc(S(=O)(=O)N2CCCc3ccc(Br)cc32)cc1N1CCNCC1
CHEMBL347879,CC1CNC(c2ccc(-c3cnc(-c4ccc(C5=NC(C)CN5)cc4)o3)cc2)=N1.Cl.Cl
CHEMBL153915,CC1CNC(c2ccc(-c3nnc(-c4ccc(C5=NC(C)CN5)cc4)o3)cc2)=N1.Cl.Cl
CHEMBL153496,Cl.Cl.c1cc(-c2ccc(-c3ccc(C4=NCCCN4)cc3)nn2)ccc1C1=NCCCN1
CHEMBL156788,Cl.Cl.c1cc(-c2nnc(-c3ccc(C4=NCCCN4)cc3)o2)ccc1C1=NCCCN1
CHEMBL347335,COc1ccc(S(=O)(=O)Nc2c(F)cc(Br)cc2F)cc1N1CCNCC1
CHEMBL154685,Cl.Cl.c1cc(-c2cnc(-c3ccc(C4=NCCCN4)cc3)o2)ccc1C1=NCCCN1
CHEMBL155234,COc1ccc(S(=O)(=O)N2CCc3cc(C)c(C(F)(F)F)cc32)cc1N1CCNCC1
CHEMBL346958,NCCCCN(Cc1ccccc1)Cc1ccc(Br)o1.O=C(O)C(F)(F)F
CHEMBL348106,CS/C(=C\c1ccc2ccccc2[n+]1C)N1CCN(CCCO)CC1.[I-]
CHEMBL157292,NCCCN(Cc1ccc(Br)o1)Cc1ccc(Br)o1.O=C(O)C(F)(F)F
CHEMBL422891,NCCCCN(Cc1ccc(Cl)cc1)Cc1ccc(Cl)cc1.O=C(O)C(F)(F)F
CHEMBL160589,C[N+](C)(C)CCNC(=O)c1cc(O)c2c(Cl)cc(Cl)cc2n1.[I-]
CHEMBL347450,CN1C[C@H](COC(=O)C2CCC2)C=C2c3cccc4[nH]cc(c34)C[C@H]21.O=C(O)/C=C\C(=O)O
CHEMBL345374,CC(C)n1cc2c3c(cccc31)[C@H]1C[C@@H](COC(=O)C3CCC3)CN(C)[C@@H]1C2.O=C(O)/C=C\C(=O)O
CHEMBL160264,CN1C[C@H](COC(=O)C2CCC2)C[C@@H]2c3cccc4[nH]cc(c34)C[C@H]21.O=C(O)/C=C\C(=O)O
CHEMBL158512,CN1C[C@H](COC(=O)C2CCCC2)C[C@@H]2c3cccc4[nH]cc(c34)C[C@H]21.O=C(O)/C=C\C(=O)O
CHEMBL346727,CC(C)n1cc2c3c(cccc31)C1=C[C@@H](COC(=O)C3CCC3)CN(C)[C@@H]1C2.O=C(O)/C=C\C(=O)O
CHEMBL159186,CN1C[C@H](COC(=O)C2CCCCC2)C[C@@H]2c3cccc4[nH]cc(c34)C[C@H]21.O=C(O)/C=C\C(=O)O
CHEMBL347660,CC(C)n1cc2c3c(cccc31)[C@H]1C[C@@H](COC(=O)C3CC3)CN(C)[C@@H]1C2.O=C(O)/C=C\C(=O)O
CHEMBL433689,CN1C[C@H](COC(=O)C2CCCC2)C=C2c3cccc4[nH]cc(c34)C[C@H]21.O=C(O)/C=C\C(=O)O
CHEMBL348875,CN1C[C@H](COC(=O)C2CCCCC2)C=C2c3cccc4[nH]cc(c34)C[C@H]21.O=C(O)/C=C\C(=O)O
CHEMBL158155,CC(C)n1cc2c3c(cccc31)C1=C[C@@H](COC(=O)C3CC3)CN(C)[C@@H]1C2.O=C(O)/C=C\C(=O)O
CHEMBL158804,CS(=O)(=O)O.C[C@H]1CN(c2c(F)cc3c(=O)c(C(=O)O)cn(C45CC(C4)C5)c3c2F)C[C@H]1CN
CHEMBL351033,CCS(=O)(=O)O.Cc1cc(N2C(N)=NC(N)=NC2(C)C)ccc1OCc1cccc(C(N)=O)c1
CHEMBL163021,COc1ccc2c(c1O)C13CCN(CC4CC4)C(C2)C12C=CC(=O)C3ON2c1ccc(F)cc1
CHEMBL167746,COc1ccc([C@@H]2Cc3cc(C(F)(F)F)ccc3N(CCN(C)C)C(=O)[C@@H]2NC(C)=O)cc1
CHEMBL164397,C[C@@H]1CN(C2CCNCC2)CCN1[C@@H](C)c1ccc(S(=O)(=O)c2ccc3c(c2)OCO3)cc1
CHEMBL352333,O=C(NS(=O)(=O)c1cc(Br)c(Br)s1)c1ccc(C(=O)O)nc1
CHEMBL424564,N#Cc1ccc(Cn2cncc2CN2CCN(C(=O)NC34CC5CC(CC(C5)C3)C4)CC2)cc1
CHEMBL169789,Cc1cc(C(C)C)[n+](CCc2ccc(S(N)(=O)=O)cc2)c(C(C)C)c1.[O-][Cl+3]([O-])([O-])[O-]
CHEMBL170622,CC[S+]1CCCC1CNC(=O)c1cc(S(N)(=O)=O)ccc1OC.[I-]
CHEMBL170310,CC[N+]1(C)CCCC1CNC(=O)c1cc(S(N)(=O)=O)ccc1OC.[I-]
CHEMBL367708,CNC(=O)N1CCC(CC(=O)N2CCN(C3c4ccc(Cl)cc4CCc4cccnc43)CC2)CC1
CHEMBL171355,CN1CCC(CC(=O)N2CCN([C@H]3c4ccc(Cl)cc4CCc4cccnc43)CC2)CC1
CHEMBL169435,NC(=O)N1CCCC(CC(=O)N2CCN(C3c4ccc(Cl)cc4CCc4cccnc43)CC2)C1
CHEMBL354742,CC(C)(C)OC(=O)NCC(=O)N1CCN(C2c3ccc(Cl)cc3CCc3cccnc32)CC1
CHEMBL171605,NC(=O)N1CCC(CC(=O)N2CCN(C3c4ccc(Cl)cc4CCc4cccnc43)CC2)CC1
CHEMBL355632,CN1CCCC(CC(=O)N2CCN(C3c4ccc(Cl)cc4CCc4cccnc43)CC2)C1
CHEMBL169188,Cc1cc(-c2ccccc2)cc(C)[n+]1Cc1ccc(S(N)(=O)=O)cc1.[O-][Cl+3]([O-])([O-])[O-]
CHEMBL353225,CN1CCCC(NC(=O)N2CCN(C3c4ccc(Cl)cc4CCc4cccnc43)CC2)C1
CHEMBL171210,CN1CCC(NC(=O)N2CCN(C3c4ccc(Cl)cc4CCc4cccnc43)CC2)CC1
CHEMBL173975,Cl.Cl.c1cc(-c2ccc(-c3ccc(C4=NCCCN4)cc3)o2)ccc1C1=NCCCN1
CHEMBL355785,CN1CCCC(CC(=O)N2CCN([C@H]3c4ccc(Cl)cc4CCc4cccnc43)CC2)C1
CHEMBL355300,CN1CCCC(CC(=O)N2CCN([C@@H]3c4ccc(Cl)cc4CCc4cccnc43)CC2)C1
CHEMBL170025,CN1CCC(CC(=O)N2CCN([C@@H]3c4ccc(Cl)cc4CCc4cccnc43)CC2)CC1
CHEMBL352930,CN1CCC(CC(=O)N2CCN(C3c4ccc(Cl)cc4CCc4cccnc43)CC2)CC1
CHEMBL425141,CCN1C(=O)CS/C1=C\c1sc2ccccc2[n+]1CC.Cc1ccc(S(=O)(=O)[O-])cc1
CHEMBL175273,CCn1c(=O)/c(=C2\SCCN2C)s/c1=C\c1cccc[n+]1C.Cc1ccc(S(=O)(=O)[O-])cc1
CHEMBL443303,CCn1c(=O)/c(=C2\C=CC=CN2C)s/c1=C\c1cccc[n+]1C.Cc1ccc(S(=O)(=O)[O-])cc1
CHEMBL181078,CC(C)(C)OC(=O)N1CCC(C(=O)NS(=O)(=O)Cc2cc(Cl)cc(Cl)c2)CC1
CHEMBL179115,CN(C(=O)c1ccc(-c2ccc(C(F)(F)F)cc2)cc1)C1CCN(C(=O)N(C)C2CCNC2)C1
CHEMBL179949,CC(C)(C)OC(=O)NC1(C(=O)Nc2ccc(N3CCOCC3)cc2)CCc2ccccc2C1
CHEMBL186596,NC(CC(=O)N1CCC[C@H]1C(=O)NCc1ccccc1)Cc1ccccc1F.O=C(O)C(F)(F)F
CHEMBL184576,[Br-].[Br-].c1c[n+](C[C@H]2C[C@@H]2C[n+]2ccc(N3CCCC3)cc2)ccc1N1CCCC1
CHEMBL187453,O=C(NS(=O)(=O)c1ccc(Cl)cc1)c1ccc(Br)cc1Br
CHEMBL187073,CCCCN(CC)c1cc(C)nc2c1NC(=O)CN2c1ccc(OC)cc1Cl.O=C(O)C(F)(F)F
CHEMBL365868,CCC(CNc1cc(C)nc2c1NC(=O)CN2c1ccc(Cl)cc1Cl)OC.O=C(O)C(F)(F)F
CHEMBL361296,CCCCN(CC)c1cc(C)nc2c1NC(=O)CN2c1ccc(C(C)C)cc1.O=C(O)C(F)(F)F
CHEMBL433592,CCCCN(CC)c1cc(C)nc2c1NC(=O)CN2c1ccc(Cl)cc1C#N.O=C(O)C(F)(F)F
CHEMBL188001,CCCCNc1cc(C)nc2c1NC(=O)CN2c1ccc(OC)cc1Cl.O=C(O)C(F)(F)F
CHEMBL191213,O=C(NC1CCCCC1)N1CCc2cc(S(=O)(=O)N3C[C@H](c4ccccc4)NC3=O)ccc21
CHEMBL185736,CCC(CC)Nc1cc(C)nc2c1NC(=O)CN2c1ccc(Cl)cc1Cl.O=C(O)C(F)(F)F
CHEMBL185963,CCNc1cc(C)nc2c1NC(=O)CN2c1ccc(OC)cc1Cl.O=C(O)C(F)(F)F
CHEMBL189282,CN1CC[C@@H](N(C)C(=O)N2CC[C@H](N(C)C(=O)c3ccc(-c4ccc(C#N)cc4)s3)C2)C1
CHEMBL186011,CCc1cccc2c1C(Cc1ccc(OC)c(OC)c1)[N+](C)(C)CC2.[I-]
CHEMBL363360,COc1ccc(CC2c3cc(OC)c(OC)cc3CC[N+]2(C)C)cc1OC.[I-]
CHEMBL365744,COc1ccc(CC2c3c(cccc3C(C)C)CC[N+]2(C)C)cc1OC.[I-]
CHEMBL187869,COc1ccc(CC2c3sc(C)cc3CC[N+]2(C)C)cc1OC.[I-]
CHEMBL190003,COc1ccc(CC2c3c(Cl)cccc3CC[N+]2(C)C)cc1OC.[I-]
CHEMBL188644,COc1ccc(CC2c3c(C)cccc3CC[N+]2(C)C)cc1OC.[I-]
CHEMBL363210,COc1ccc(CC2c3c(cccc3OC)CC[N+]2(C)C)cc1OC.[I-]
CHEMBL187736,COc1ccc(CC2c3c(Br)cccc3CC[N+]2(C)C)cc1OC.[I-]
CHEMBL189881,C[C@@H](c1ccc(-c2ccc(F)cc2)cc1)[C@H](N)C(=O)N1CC[C@H](F)C1.O=C(O)C(F)(F)F
CHEMBL189046,CN(C)C[C@@H](c1ccc(-c2ccc(F)cc2)cc1)[C@H](N)C(=O)N1CC[C@H](F)C1.O=C(O)C(F)(F)F
CHEMBL190000,CC(=O)n1cc(C(=O)N2CCC(c3cccc(CN)c3)CC2)c2ccccc21.O=C(O)C(F)(F)F
CHEMBL190031,N[C@H](C(=O)N1CC[C@H](F)C1)[C@@H](CN1CCCC1)c1ccc(-c2ccc(F)cc2)cc1.O=C(O)C(F)(F)F
CHEMBL365148,Cc1ccc2[nH]cc(C(=O)N3CCC(c4cccc(CN)c4)CC3)c2c1.O=C(O)C(F)(F)F
CHEMBL191072,Cc1cccc2[nH]cc(C(=O)N3CCC(c4cccc(CN)c4)CC3)c12.O=C(O)C(F)(F)F
CHEMBL372004,COC(=O)[C@@H](c1ccc(-c2ccc(F)cc2)cc1)[C@H](N)C(=O)N1CC[C@H](F)C1.O=C(O)C(F)(F)F
CHEMBL365567,N[C@H](C(=O)N1CC[C@H](F)C1)[C@@H](CO)c1ccc(-c2ccc(F)cc2)cc1.O=C(O)C(F)(F)F
CHEMBL191327,N[C@H](C(=O)N1CC[C@H](F)C1)[C@@H](C(=O)O)c1ccc(-c2ccc(F)cc2)cc1.O=C(O)C(F)(F)F
CHEMBL190923,CN(C)C(=O)[C@@H](c1ccc(-c2ccc(F)cc2)cc1)[C@H](N)C(=O)N1CCCCC1.O=C(O)C(F)(F)F
CHEMBL191258,N[C@H](C(=O)N1CC[C@H](F)C1)[C@@H](C(=O)N1CCCC1)c1ccc(-c2ccc(F)cc2)cc1.O=C(O)C(F)(F)F
CHEMBL370755,CON(C)C(=O)[C@@H](c1ccc(-c2ccc(F)cc2)cc1)[C@H](N)C(=O)N1CC[C@H](F)C1.O=C(O)C(F)(F)F
CHEMBL191067,CN(C)C(=O)[C@@H](c1ccc(-c2ccc(F)cc2)cc1)[C@H](N)C(=O)N1CC[C@H](F)C1.O=C(O)C(F)(F)F
CHEMBL188096,CN(C)C(=O)[C@@H](c1ccc(-c2ccc(F)cc2F)cc1)[C@H](N)C(=O)N1CC[C@H](F)C1.O=C(O)C(F)(F)F
CHEMBL190863,CN(C)C(=O)[C@@H](c1ccc(-c2ccc(F)cc2)cc1)[C@H](N)C(=O)N1CCSC1.O=C(O)C(F)(F)F
CHEMBL189055,CN(C)C(=O)[C@@H](c1ccc(-c2ccc(F)cc2)cc1)[C@H](N)C(=O)N1CCC[C@H]1C#N.O=C(O)C(F)(F)F
CHEMBL371347,CN(C)C(=O)[C@@H](c1ccc(-c2ccc(F)cc2)cc1)[C@H](N)C(=O)N1CCOCC1.O=C(O)C(F)(F)F
CHEMBL364939,CCN(CC)C(=O)[C@@H](c1ccc(-c2ccc(F)cc2)cc1)[C@H](N)C(=O)N1CC[C@H](F)C1.O=C(O)C(F)(F)F
CHEMBL190752,CNC(=O)[C@@H](c1ccc(-c2ccc(F)cc2)cc1)[C@H](N)C(=O)N1CC[C@H](F)C1.O=C(O)C(F)(F)F
CHEMBL371588,CN(C)NC(=O)[C@@H](c1ccc(-c2ccc(F)cc2)cc1)[C@H](N)C(=O)N1CC[C@H](F)C1.O=C(O)C(F)(F)F
CHEMBL364355,CN(C)C(=O)[C@@H](c1ccc(-c2ccc(F)cc2)cc1)[C@H](N)C(=O)N1CC(F)(F)C1.O=C(O)C(F)(F)F
CHEMBL187837,C[C@H]1CCc2c(N3CCC(O)CC3)c(F)cc3c(=O)c(C(=O)OC4CCN(C)CC4)cn1c23
CHEMBL190269,CN(C)C(=O)[C@@H](c1ccc(-c2cccc(C#N)c2)cc1)[C@H](N)C(=O)N1CC[C@H](F)C1.O=C(O)C(F)(F)F
CHEMBL372486,CN(C)C(=O)[C@@H](c1ccc(-c2ccc(F)cc2)cc1)[C@H](N)C(=O)N1CC[C@@H](F)C1.O=C(O)C(F)(F)F
CHEMBL188104,Cc1ccc2c(C(=O)N3CCC(c4cccc(CN)c4)CC3)c[nH]c2c1.O=C(O)C(F)(F)F
CHEMBL363115,CN(C)C(=O)[C@@H](c1ccc(-c2ccc(F)cc2)cc1)[C@H](N)C(=O)N1CC(F)C1.O=C(O)C(F)(F)F
CHEMBL188643,CC(C)NC(=O)[C@@H](c1ccc(-c2ccc(F)cc2)cc1)[C@H](N)C(=O)N1CC[C@H](F)C1.O=C(O)C(F)(F)F
CHEMBL191337,CN(C)C(=O)[C@@H](c1ccc(-c2ccc(F)cc2)cc1)[C@H](N)C(=O)N1CCC(F)(F)C1.O=C(O)C(F)(F)F
CHEMBL370509,CN(C)C(=O)[C@@H](c1ccc(-c2ccc(F)cc2)cc1)[C@H](N)C(=O)N1CCC1.O=C(O)C(F)(F)F
CHEMBL190788,N[C@H](C(=O)N1CC[C@H](F)C1)[C@@H](C(=O)NC1CC1)c1ccc(-c2ccc(F)cc2)cc1.O=C(O)C(F)(F)F
CHEMBL425558,CCN(C)C(=O)[C@@H](c1ccc(-c2ccc(F)cc2)cc1)[C@H](N)C(=O)N1CC[C@H](F)C1.O=C(O)C(F)(F)F
CHEMBL189101,Cc1cccc2c(C(=O)N3CCC(c4cccc(CN)c4)CC3)c[nH]c12.O=C(O)C(F)(F)F
CHEMBL189983,NCc1cccc(C2CCN(C(=O)c3c[nH]c4c(F)cccc34)CC2)c1.O=C(O)C(F)(F)F
CHEMBL189067,CCNC(=O)[C@@H](c1ccc(-c2ccc(F)cc2)cc1)[C@H](N)C(=O)N1CC[C@H](F)C1.O=C(O)C(F)(F)F
CHEMBL365967,CN(C)C(=O)[C@@H](c1ccc(-c2ccc(F)cc2)cc1)[C@H](N)C(=O)N1CCS(=O)(=O)C1.O=C(O)C(F)(F)F
CHEMBL188043,N[C@H](C(=O)N1CC[C@H](F)C1)[C@@H](C(=O)N1CCC1)c1ccc(-c2ccc(F)cc2)cc1.O=C(O)C(F)(F)F
CHEMBL190217,CN(C)C(=O)[C@@H](c1ccc(-c2ccc(F)c(F)c2)cc1)[C@H](N)C(=O)N1CC[C@H](F)C1.O=C(O)C(F)(F)F
CHEMBL191208,NC(=O)[C@@H](c1ccc(-c2ccc(F)cc2)cc1)[C@H](N)C(=O)N1CC[C@H](F)C1.O=C(O)C(F)(F)F
CHEMBL425184,C[C@H]1CCc2c(N3CCC(O)CC3)c(F)cc3c(=O)c(C(=O)O)cn1c23.NCCCC[C@H](N)C(=O)O
CHEMBL190465,C[C@H]1CCc2c(N3CCC(O)CC3)c(F)cc3c(=O)c(C(=O)O)cn1c23.N=C(N)NCCC[C@H](N)C(=O)O
CHEMBL190466,CN(C)C(=O)[C@@H](c1ccc(-c2ccc(F)cc2)cc1)[C@H](N)C(=O)N1CCCC1.O=C(O)C(F)(F)F
CHEMBL191486,CN(C)C(=O)[C@@H](c1ccc(-c2cc(F)ccc2F)cc1)[C@H](N)C(=O)N1CC[C@H](F)C1.O=C(O)C(F)(F)F
CHEMBL370677,CN(C)C(=O)[C@@H](c1ccc(-c2cccc(S(C)(=O)=O)c2)cc1)[C@H](N)C(=O)N1CC[C@H](F)C1.O=C(O)C(F)(F)F
CHEMBL190135,CC(C)n1cc(C(=O)N2CCC(c3cccc(CN)c3)CC2)c2ccccc21.O=C(O)C(F)(F)F
CHEMBL370284,CCn1cc(C(=O)N2CCC(c3cccc(CN)c3)CC2)c2cccc(C)c21.O=C(O)C(F)(F)F
CHEMBL191007,Cn1cc(C(=O)N2CCC(c3cccc(CN)c3)CC2)c2ccccc21.O=C(O)C(F)(F)F
CHEMBL372028,CCn1cc(C(=O)N2CCC(c3cccc(CN)c3)CC2)c2ccccc21.O=C(O)C(F)(F)F
CHEMBL361040,CCCn1cc(C(=O)N2CCC(c3cccc(CN)c3)CC2)c2ccccc21.O=C(O)C(F)(F)F
CHEMBL435694,CS(=O)(=O)n1cc(C(=O)N2CCC(c3cccc(CN)c3)CC2)c2ccccc21.O=C(O)C(F)(F)F
CHEMBL364277,CC(=O)N(C)C1CCN(c2ccc(NC(=O)N3CCC(c4ccc(Cl)cc4)CC3)cc2)C1
CHEMBL189056,CCN1C(=O)C(c2ccc(Br)cc2)(c2ccc(Br)cc2)NC1=S
CHEMBL365996,C[C@@H](c1ccc(-c2ccccc2)c(F)c1)[C@H](N)C(=O)N1CC[C@H](F)C1.O=C(O)C(F)(F)F
CHEMBL370240,C[C@@H](c1ccc(-c2ccccc2F)cc1)[C@H](N)C(=O)N1CC[C@H](F)C1.O=C(O)C(F)(F)F
CHEMBL195443,COc1ccc(-c2ccc([C@H](C)[C@H](N)C(=O)N3CC[C@H](F)C3)cc2)cc1.O=C(O)C(F)(F)F
CHEMBL192421,C[C@@H](c1ccc(-c2cccc(C(N)=O)c2)cc1)[C@H](N)C(=O)N1CC[C@H](F)C1.O=C(O)C(F)(F)F
CHEMBL195667,C[C@@H](c1ccc(-c2cccc(-c3nnco3)c2)cc1)[C@H](N)C(=O)N1CC[C@H](F)C1.O=C(O)C(F)(F)F
CHEMBL366031,C[C@@H](c1ccc(-c2cccc(S(N)(=O)=O)c2)cc1)[C@H](N)C(=O)N1CC[C@H](F)C1.O=C(O)C(F)(F)F
CHEMBL192980,C[C@@H](c1ccc(-c2ccc(C(F)(F)F)cc2)cc1)[C@H](N)C(=O)N1CC[C@H](F)C1.O=C(O)C(F)(F)F
CHEMBL195739,C[C@@H](c1ccc(-c2cccc(-n3cnnn3)c2)cc1)[C@H](N)C(=O)N1CC[C@H](F)C1.O=C(O)C(F)(F)F
CHEMBL195173,C[C@@H](c1ccc(-c2ccc(F)c(F)c2)cc1)[C@H](N)C(=O)N1CC[C@H](F)C1.O=C(O)C(F)(F)F
CHEMBL191514,Cc1ccc(-c2ccc([C@H](C)[C@H](N)C(=O)N3CC[C@H](F)C3)cc2)cc1.O=C(O)C(F)(F)F
CHEMBL425375,C[C@@H](c1ccc(-c2ccccc2C(F)(F)F)cc1)[C@H](N)C(=O)N1CC[C@H](F)C1.O=C(O)C(F)(F)F
CHEMBL192425,CCOC(=O)c1cccc(-c2ccc([C@H](C)[C@H](N)C(=O)N3CC[C@H](F)C3)cc2)c1.O=C(O)C(F)(F)F
CHEMBL191906,C[C@@H](c1ccc(-c2ccc(C(=O)O)cc2)cc1)[C@H](N)C(=O)N1CC[C@H](F)C1.O=C(O)C(F)(F)F
CHEMBL278729,C[C@@H](c1ccc(-c2cc(F)ccc2F)cc1)[C@H](N)C(=O)N1CC[C@H](F)C1.O=C(O)C(F)(F)F
CHEMBL365780,C[C@@H](c1ccc(-c2cccc(S(C)(=O)=O)c2)cc1)[C@H](N)C(=O)N1CC[C@H](F)C1.O=C(O)C(F)(F)F
CHEMBL365953,COc1ccccc1-c1ccc([C@H](C)[C@H](N)C(=O)N2CC[C@H](F)C2)cc1.O=C(O)C(F)(F)F
CHEMBL372472,Cc1ccccc1-c1ccc([C@H](C)[C@H](N)C(=O)N2CC[C@H](F)C2)cc1.O=C(O)C(F)(F)F
CHEMBL363175,CCOC(=O)c1ccc(-c2ccc([C@H](C)[C@H](N)C(=O)N3CC[C@H](F)C3)cc2)cc1.O=C(O)C(F)(F)F
CHEMBL191812,C[C@@H](c1ccc(-c2cc(F)cc(F)c2)cc1)[C@H](N)C(=O)N1CC[C@H](F)C1.O=C(O)C(F)(F)F
CHEMBL195755,C[C@@H](c1ccc(-c2cccc(C(=O)O)c2)cc1)[C@H](N)C(=O)N1CC[C@H](F)C1.O=C(O)C(F)(F)F
CHEMBL363584,C[C@@H](c1ccc(-c2ccc(F)cc2F)cc1)[C@H](N)C(=O)N1CC[C@H](F)C1.O=C(O)C(F)(F)F
CHEMBL191769,C[C@@H](c1ccc(-c2ccccc2Cl)cc1)[C@H](N)C(=O)N1CC[C@H](F)C1.O=C(O)C(F)(F)F
CHEMBL193887,C[C@@H](c1ccc(-c2ccc(NS(C)(=O)=O)cc2)cc1)[C@H](N)C(=O)N1CC[C@H](F)C1.O=C(O)C(F)(F)F
CHEMBL194437,C[C@@H](c1ccc(-c2ccc(S(C)(=O)=O)cc2)cc1)[C@H](N)C(=O)N1CC[C@H](F)C1.O=C(O)C(F)(F)F
CHEMBL263326,C[C@@H](c1ccc(-c2cccc(NS(C)(=O)=O)c2)cc1)[C@H](N)C(=O)N1CC[C@H](F)C1.O=C(O)C(F)(F)F
CHEMBL193830,O=C(N[C@@H]1C2CCN(CC2)[C@@H]1Cc1cccnc1)c1ccc(I)s1
CHEMBL366166,Cn1nc2c(c1C(F)(F)C(F)(F)F)CN(C(=O)C[C@H](N)Cc1cc(F)ccc1F)CC2
CHEMBL369894,Cn1nc(C(F)(F)C(F)(F)F)c2c1CCN(C(=O)C[C@H](N)Cc1cc(F)ccc1F)C2
CHEMBL364244,COc1cc(C2C(C#N)=C(N)Oc3cc(Br)ccc32)cc(Br)c1OC
CHEMBL196598,COc1ccc(NC(=O)N2CCN(c3ccc(C(F)(F)F)cc3)CC2)cc1N1CCN(C)CC1
CHEMBL198302,O=S1(=O)N[C@@]2(CN1CC(F)(F)F)[C@@H]1CC[C@H]2Cc2ccc(/C=C/CN3CCOCC3)cc2C1
CHEMBL193527,O=S1(=O)N[C@@]2(CN1CC(F)(F)F)[C@@H]1CC[C@H]2Cc2ccc(/C=C/CN3CCCCC3)cc2C1
CHEMBL364284,O=C(NC[C@H]1CN(c2ccc(N3CCOCC3=O)c(F)c2)C(=O)O1)c1ccc(Cl)s1
CHEMBL383361,O=C(NC[C@H]1CN(c2ccc(N3CCOCC3=O)cc2)C(=O)O1)c1ccc(Br)s1
CHEMBL381866,O=C(NC[C@H]1CN(c2ccc(N3CCOCC3=O)cc2)C(=O)O1)c1ccc(Br)o1
CHEMBL194810,O=C(NC[C@H]1CN(c2ccc(N3CCSCC3)c(F)c2)C(=O)O1)c1ccc(Cl)s1
CHEMBL197027,C[N+]1(C)CCOC(O)(c2ccc(-c3ccc(C4(O)C[N+](C)(C)CCO4)cc3)cc2)C1.[Br-].[Br-]
CHEMBL198259,CC(C)N1CC2(CCC(C(C)(C)C)CC2)N(Cc2ccc(C(=O)Nc3nn[nH]n3)cc2)C1=O
CHEMBL381223,COc1cc2c(cc1Cl)NC(=O)NC2CC(=O)N1CCN(Cc2ccc(F)cc2)C[C@H]1C
CHEMBL199733,CN1CCCC(C(=O)N2CCN(c3nccc(NCc4ccc(Cl)cc4Cl)n3)CC2)C1
CHEMBL199379,CC(C)([C@H](N)C(=O)N1C[C@@H](F)C[C@H]1C#N)S(=O)(=O)Cc1csc2ccc(Cl)cc12
CHEMBL370861,CN1CCCC(C(=O)N2CCN(c3ccnc(NCc4ccc(Cl)cc4Cl)n3)CC2)C1
CHEMBL200864,NS(=O)(=O)C[C@H]1CC[C@@](c2cc(F)ccc2F)(S(=O)(=O)c2ccc(Cl)cc2)CC1
CHEMBL200664,CS(=O)(=O)N[C@H]1CC[C@@](c2cc(F)ccc2F)(S(=O)(=O)c2ccc(Cl)cc2)CC1
CHEMBL200883,O=C1NCN(c2ccc(Cl)cc2)C12CCN([C@@H]1CCCC[C@@]1(O)c1ccc(F)cc1)CC2
CHEMBL372567,O=C1NCN(c2ccc(F)cc2)C12CCN([C@@H]1CCCC[C@@]1(O)c1ccc(Cl)cc1)CC2
CHEMBL200621,COc1ccc(N2CNC(=O)C23CCN([C@@H]2CCCC[C@@]2(O)c2ccc(Cl)cc2)CC3)cc1
CHEMBL381117,O=C(O)C(O)c1ccccc1.Oc1ccc2c(c1)[C@]13CCCCC1[C@H](C2)N(CC1CCC1)CC3
CHEMBL201963,COc1ccc2c(c1)CCN1C(=O)C3CCCC(C21)N3S(=O)(=O)Nc1ccc(Cl)nc1
CHEMBL202123,COc1ccc2c(c1)CCN1C(=O)C3CCCC(C21)N3S(=O)(=O)Nc1ccc(F)c(F)c1
CHEMBL370582,COc1ccc2c(c1)CCN1C(=O)C3CCCC(C21)N3S(=O)(=O)Nc1ccc(OC)nc1
CHEMBL372289,COc1cc2c(c(OC)c1)C1C3CCCC(C(=O)N1CC2)N3C(=O)C(O)c1ccc(Cl)cc1
CHEMBL203358,COc1cc2c(c(OC)c1)C1C3CCCC(C(=O)N1CC2)N3S(=O)(=O)c1ccc(C)cc1
CHEMBL373206,COc1cc2c(c(OC)c1)C1C3CCCC(C(=O)N1CC2)N3S(=O)(=O)c1cccc(C)c1
CHEMBL201465,CS(=O)(=O)N1CCC([C@H]2c3ccc(Cl)cc3C=C(N3CCNCC3)c3cccnc32)CC1
CHEMBL372164,CS(=O)(=O)N1CCC([C@H]2c3ccc(Cl)cc3C(N3CCNCC3)=Cc3cccnc32)CC1
CHEMBL382828,CS(=O)(=O)N1CCC([C@@H]2c3ccc(Cl)cc3C=C(N3CCNCC3)c3cccnc32)CC1
CHEMBL383114,CS(=O)(=O)N1CCC([C@@H]2c3ccc(Cl)cc3C(N3CCNCC3)=Cc3cccnc32)CC1
CHEMBL203379,C[C@@H](c1ccc(-c2ccc(=O)n(C)c2)cc1)[C@H](N)C(=O)N1CCCC1.O=C(O)C(F)(F)F
CHEMBL377724,C[C@@H](c1ccc(-c2ccc(=O)n(C)c2)cc1)[C@H](N)C(=O)N1CCSC1.O=C(O)C(F)(F)F
CHEMBL378597,C[C@@H](c1ccc(-c2ccc(=O)n(C)c2)cc1)[C@H](N)C(=O)N1CC(F)C1.O=C(O)C(F)(F)F
CHEMBL202634,C[C@@H](c1ccc(-c2ccc(=O)n(C)c2)cc1)[C@H](N)C(=O)N1CCC(F)CC1.O=C(O)C(F)(F)F
CHEMBL203169,C[C@@H](c1ccc(-c2cn(C)c(=O)cc2CO)cc1)[C@H](N)C(=O)N1CC[C@H](F)C1.O=C(O)C(F)(F)F
CHEMBL205872,C[C@@H](c1ccc(-c2ccc(=O)n(C)c2F)cc1)[C@H](N)C(=O)N1CC[C@H](F)C1.O=C(O)C(F)(F)F
CHEMBL206252,Cc1c(-c2ccc([C@H](C)[C@H](N)C(=O)N3CC[C@H](F)C3)cc2)ccc(=O)n1C.O=C(O)C(F)(F)F
CHEMBL203323,Cc1c(-c2ccc([C@H](C)[C@H](N)C(=O)N3CC[C@H](F)C3)cc2)cc(Br)c(=O)n1C.O=C(O)C(F)(F)F
CHEMBL381145,C[C@@H](c1ccc(-c2ccc(O)nc2)cc1)[C@H](N)C(=O)N1CC[C@H](F)C1.O=C(O)C(F)(F)F
CHEMBL206383,C[C@@H](c1ccc(-c2ccc(=O)n(C)c2)cc1)[C@H](N)C(=O)N1CC[C@H](F)C1.O=C(O)C(F)(F)F
CHEMBL203736,C[C@@H](c1ccc(-c2cc(F)c(=O)n(C)c2)cc1)[C@H](N)C(=O)N1CC[C@H](F)C1.O=C(O)C(F)(F)F
CHEMBL206792,CCn1cc(-c2ccc([C@H](C)[C@H](N)C(=O)N3CC[C@H](F)C3)cc2)ccc1=O.O=C(O)C(F)(F)F
CHEMBL380496,COc1cc(=O)n(C)cc1-c1ccc([C@H](C)[C@H](N)C(=O)N2CC[C@H](F)C2)cc1.O=C(O)C(F)(F)F
CHEMBL203267,C[C@@H](c1ccc(-c2cn(C)c(=O)c(Cl)c2F)cc1)[C@H](N)C(=O)N1CC[C@H](F)C1.O=C(O)C(F)(F)F
CHEMBL206501,C[C@@H](c1ccc(-c2ccc(=O)n(C)c2)cc1)[C@H](N)C(=O)N1CCC(F)(F)C1.O=C(O)C(F)(F)F
CHEMBL383651,C[C@@H](c1ccc(-c2cc(Br)c(=O)n(C)c2)cc1)[C@H](N)C(=O)N1CC[C@H](F)C1.O=C(O)C(F)(F)F
CHEMBL424687,C[C@@H](c1ccc(-c2cn(C)c(=O)cc2F)cc1)[C@H](N)C(=O)N1CC[C@H](F)C1.O=C(O)C(F)(F)F
CHEMBL383323,C[C@@H](c1ccc(-c2ccc(=O)n(CC3CC3)c2)cc1)[C@H](N)C(=O)N1CC[C@H](F)C1.O=C(O)C(F)(F)F
CHEMBL425039,Cc1cc(=O)n(C)cc1-c1ccc([C@H](C)[C@H](N)C(=O)N2CC[C@H](F)C2)cc1.O=C(O)C(F)(F)F
CHEMBL205925,C[N+](C)(C)Cc1cc(-c2ccc(O)c(C[N+](C)(C)C)c2)ccc1O.[I-].[I-]
CHEMBL382191,CC(C)(C)CCN1C(=O)C(C2=NS(=O)(=O)c3ccccc3N2)=C(O)[C@@H]1c1ccc(F)cc1
CHEMBL378498,CCC(CC)CN(Cc1ccccc1C(F)(F)F)C1CCNCC1.O=C(O)/C=C/C(=O)O
CHEMBL208533,CC(C)CN(Cc1cccc(C(F)(F)F)c1Cl)C1CCNCC1.O=C(O)/C=C/C(=O)O
CHEMBL208070,CC(C)OCCN(Cc1ccc(F)cc1C(F)(F)F)C1CCNCC1.O=C(O)C(O)C(O)C(=O)O
CHEMBL206152,N#CCCN(Cc1ccc(F)cc1C(F)(F)F)C1CCNCC1.O=C(O)C(O)C(O)C(=O)O
CHEMBL381079,CC(C)(C#N)CN(Cc1ccc(F)cc1C(F)(F)F)C1CCNCC1.O=C(O)C(O)C(O)C(=O)O
CHEMBL377678,FC(F)(F)CCN(Cc1ccccc1C(F)(F)F)C1CCNCC1.O=C(O)/C=C/C(=O)O
CHEMBL208178,COCCCN(Cc1ccccc1C(F)(F)F)C1CCNCC1.O=C(O)C(O)C(O)C(=O)O
CHEMBL382554,FC(F)(F)CN(Cc1ccccc1C(F)(F)F)C1CCNCC1.O=C(O)C(O)C(O)C(=O)O
CHEMBL207480,Fc1ccc(CN(CC2CCC2)C2CCNCC2)c(C(F)(F)F)c1.O=C(O)C(O)C(O)C(=O)O
CHEMBL383611,N#CCCCN(Cc1ccccc1C(F)(F)F)C1CCNCC1.O=C(O)C(O)C(O)C(=O)O
CHEMBL378839,CC(C)CN(Cc1cc(C(F)(F)F)ccc1Cl)C1CCNCC1.O=C(O)/C=C/C(=O)O
CHEMBL207634,CC(C)(C#N)CCN(Cc1ccc(F)cc1C(F)(F)F)C1CCNCC1.O=C(O)C(O)C(O)C(=O)O
CHEMBL207067,Fc1ccc(CN(CC2CC2)C2CCNCC2)c(C(F)(F)F)c1.O=C(O)C(O)C(O)C(=O)O
CHEMBL209094,CC(C)(O)CN(Cc1ccc(F)cc1C(F)(F)F)C1CCNCC1.O=C(O)C(O)C(O)C(=O)O
CHEMBL207894,FC(F)(F)OCCN(Cc1ccccc1C(F)(F)F)C1CCNCC1.O=C(O)C(O)C(O)C(=O)O
CHEMBL377552,CC(C)(O)CCN(Cc1ccc(F)cc1C(F)(F)F)C1CCNCC1.O=C(O)C(O)C(O)C(=O)O
CHEMBL384207,CN1C[C@@H]2C[C@](c3cc(F)ccc3F)(S(=O)(=O)c3ccc(Cl)cc3)CC[C@@H]2NS1(=O)=O
CHEMBL382899,CS(=O)(=O)c1ccc(OC[C@H]2CC[C@@H](C(=O)N3CCC[C@H]3C#N)N2)c(Br)c1
CHEMBL210279,O=S1(=O)NC[C@@H]2C[C@](c3cc(F)ccc3F)(S(=O)(=O)c3ccc(Cl)cc3)CC[C@@H]2N1
CHEMBL209162,CN(C)C(=O)[C@@H](c1ccc(-c2ccc(=O)n(C)c2)cc1)[C@H](N)C(=O)N1CC[C@H](F)C1.O=C(O)C(F)(F)F
CHEMBL379414,CCOc1nc(NC(=O)Cc2cc(Br)ccc2Br)cc(N)c1C#N
CHEMBL212570,C[C@H](C(=O)N1CCOCC1)N1CC[C@@H](NS(=O)(=O)c2ccc3cc(Cl)ccc3c2)C1=O
CHEMBL211755,C[C@@H](C(=O)N1CCOCC1)N1CC[C@@H](NS(=O)(=O)c2ccc3cc(Cl)ccc3c2)C1=O
CHEMBL377992,C[C@H](C(=O)N1CCOCC1)N1CC[C@H](NS(=O)(=O)c2ccc3cc(Cl)ccc3c2)C1=O
CHEMBL212165,C[C@H](C(=O)N1CCCCC1)N1CC[C@@H](NS(=O)(=O)c2ccc3cc(Cl)ccc3c2)C1=O
CHEMBL377447,C[C@@H](C(=O)N1CCCCC1)N1CC[C@@H](NS(=O)(=O)c2ccc3cc(Cl)ccc3c2)C1=O
CHEMBL211447,C[C@H](C(=O)N1CCCCC1)N1CC[C@H](NS(=O)(=O)c2ccc3cc(Cl)ccc3c2)C1=O
CHEMBL211875,C[C@@H](C(=O)N1CCCCC1)N1CC[C@H](NS(=O)(=O)c2ccc3cc(Cl)ccc3c2)C1=O
CHEMBL385587,C[C@@H](C(=O)N1CCOCC1)N1CC[C@H](NS(=O)(=O)c2ccc3cc(Cl)ccc3c2)C1=O
CHEMBL210019,CC(C)(C(=O)N1CCCCC1)N1CCC(NS(=O)(=O)c2ccc3cc(Cl)ccc3c2)C1=O
CHEMBL386977,O=C1NCC(c2ccc(F)cc2)C12CCN(C1CCCCC1(O)c1cccc(Cl)c1)CC2
CHEMBL377569,COc1cccc(C2(O)CCCCC2N2CCC3(CC2)C(=O)NCC3c2ccc(F)cc2)c1
CHEMBL211620,COc1ccc(C2(O)CCCCC2N2CCC3(CC2)C(=O)NCC3c2ccc(F)cc2)cc1
CHEMBL386805,CC1CC2(CCN1C1CCCCC1(O)c1cccc(F)c1)C(=O)NCC2c1ccc(F)cc1
CHEMBL213624,CC(=O)NC[C@H]1CN(c2ccc3c(c2)N(C(=O)OCc2ccccc2)C[C@@H]2CCCN32)C(=O)O1
CHEMBL380036,CN(C(=O)c1ccc(-c2ccc(C(F)(F)F)cc2)cc1)[C@H]1CCN(C(=O)N2CC[C@@H](N)C2)C1
CHEMBL209526,CN[C@@H]1CCN(C(=O)N2CC[C@H](N(C)C(=O)c3ccc(-c4ccc(C(F)(F)F)cc4)cc3)C2)C1
CHEMBL213388,CN1CCN(C2=Nc3cc(Cl)ccc3N(NC(=O)C3CCCCC3)c3ccccc32)CC1
CHEMBL387043,N[C@H]1CC(CN2CCC(C(=O)O)CC2)=CC[C@@H]1c1ccc(Cl)cc1Cl.O=C(O)C(F)(F)F
CHEMBL386628,O=C1COCC2=C1[C@@H](c1ccc(F)c(Br)c1)C1=C(O)O[C@@H](c3ccccc3)C1=N2
CHEMBL215466,COc1cc2c(c(OC)c1)C(Cc1ccc(OC)c(OC)c1)[N+](C)(C)CC2.[I-]
CHEMBL217319,COc1ccc(CC2c3c(ccc(OC)c3OC)CC[N+]2(C)C)cc1OC.[I-]
CHEMBL215370,COc1ccc(C[C@H]2c3cc(OC)c(OC)cc3CC[N+]2(C)C)cc1OC.[I-]
CHEMBL438992,C[C@H](c1nc(-c2ccc(Cl)cc2Cl)no1)[C@H](N)C(=O)N1CCCC1.O=C(O)C(F)(F)F
CHEMBL386812,C[C@H](c1nc(-c2ccc(NS(C)(=O)=O)cc2Cl)no1)[C@H](N)C(=O)N1CCCC1.O=C(O)C(F)(F)F
CHEMBL435320,C[C@H](c1nc(-c2ccc(S(C)(=O)=O)cc2Cl)no1)[C@H](N)C(=O)N1CC[C@H](F)C1.O=C(O)C(F)(F)F
CHEMBL220402,C[C@H](c1nnc(-c2ccc(Cl)cc2Cl)o1)[C@H](N)C(=O)N1CCCC1.O=C(O)C(F)(F)F
CHEMBL220404,C[C@H](c1noc(-c2ccc(Cl)cc2Cl)n1)[C@H](N)C(=O)N1CCCC1.O=C(O)C(F)(F)F
CHEMBL218254,C[C@H](c1nc(-c2ccc(Cl)cc2Cl)co1)[C@H](N)C(=O)N1CCCC1.O=C(O)C(F)(F)F
CHEMBL218306,C[C@H](c1n[nH]c(-c2ccc(Cl)cc2Cl)n1)[C@H](N)C(=O)N1CCCC1.O=C(O)C(F)(F)F
CHEMBL218246,CC(C)(C(=O)NC1CCCC(C#N)CCC1)N1CCN(c2ccc(C(F)(F)F)cn2)CC1
CHEMBL387226,O=C(NCC1CC(Br)=NO1)C1Cc2ccccc2N1C(=O)OCc1ccccc1
CHEMBL219514,O=C(NC[C@@H]1CC(Br)=NO1)[C@@H]1CCCN1C(=O)OCc1cnc2ccccc2c1
CHEMBL373421,CC(=O)Nc1ccc(CN2CC3(CC(C)(C)Oc4ccc(Br)cc43)OCC2=O)cc1
CHEMBL426354,CC(=O)Nc1ccc(CN2CCOC3(C2)CC(C)(C)Oc2ccc(Br)cc23)cc1
CHEMBL375156,CC(C(=O)N[C@H]1C2CC3CC1C[C@](O)(C3)C2)N1CCN(c2ccc(C(F)(F)F)cn2)CC1
CHEMBL424937,CC(C)(C(=O)N[C@H]1C2CC3CC1C[C@](O)(C3)C2)N1CCN(c2ccc(C(F)(F)F)cn2)CC1
CHEMBL218144,CO[C@]12CC3CC(C1)[C@@H](NC(=O)C(C)N1CCN(c4ccc(C(F)(F)F)cn4)CC1)C(C3)C2
CHEMBL425104,C[C@@H](C(=O)N[C@H]1C2CC3CC1C[C@](O)(C3)C2)N1CCN(c2ccc(C(F)(F)F)cn2)CC1
CHEMBL219934,CN(C)S(=O)(=O)O[C@H]1CC[C@H]2[C@@H]3CCc4cc(OS(N)(=O)=O)ccc4[C@H]3CC[C@]12C
CHEMBL385777,CC1(C)C(=O)N([C@H]2C3CC4CC2C[C@](C(N)=O)(C4)C3)CC1COc1ccc(-n2cncn2)cc1
CHEMBL218120,CC1(C)C(=O)N([C@H]2C3CC4CC2C[C@](C(N)=O)(C4)C3)CC1COc1ccc(-n2ccnc2)cc1
CHEMBL222128,CC(=O)Nc1ccc(C2=NN3C(=O)N(c4ccc(C#N)c(C(F)(F)F)c4)C(=O)C3(C)C2)cc1
CHEMBL217914,C[C@@H](C(=O)N1CCOCC1)N1CC[C@H](NS(=O)(=O)c2cc3ccc(Cl)cc3s2)C1=O
CHEMBL220529,C[C@@H](C(=O)N1CCOCC1)N1CC[C@H](NS(=O)(=O)c2cc3cc(Cl)ccc3s2)C1=O
CHEMBL220909,C[C@@H](C(=O)N1CCOCC1)N1CC[C@H](NS(=O)(=O)c2cc3ccc(Cl)cc3o2)C1=O
CHEMBL219163,C[C@@H](C(=O)N1CCOCC1)N1CC[C@H](NS(=O)(=O)c2cc3cc(Cl)ccc3o2)C1=O
CHEMBL426394,CC(C)N(C)C(=O)[C@H](C)N1CC[C@H](NS(=O)(=O)c2ccc3cc(Cl)ccc3c2)C1=O
CHEMBL219784,CN1CCN(C(=O)[C@H]2CC[C@@H](N(C(=O)c3cc(Cl)c(N)c(Cl)c3)C3CC3)CC2)CC1
CHEMBL375969,C[N+]1(C)CCC[C@H]1[C@H]1CSC(c2ccccc2)(c2ccccc2)O1.[I-]
CHEMBL375851,C[N+]1(C)CCC[C@@H]1[C@@H]1CSC(c2ccccc2)(c2ccccc2)O1.[I-]
CHEMBL219786,C[N+]1(C)CCC[C@H]1[C@H]1CS[C@@](c2ccccc2)(C2CCCCC2)O1.[I-]
CHEMBL220393,C[N+]1(C)CCC[C@@H]1[C@@H]1CS[C@](c2ccccc2)(C2CCCCC2)O1.[I-]
CHEMBL376057,C[N+]1(C)CCC[C@H]1[C@H]1CS[C@](c2ccccc2)(C2CCCCC2)O1.[I-]
CHEMBL222259,C[N+]1(C)CCC[C@@H]1[C@@H]1CS[C@@](c2ccccc2)(C2CCCCC2)O1.[I-]
CHEMBL220788,C[C@@H](C(=O)N1CCOCC1)N1CC[C@H](NS(=O)(=O)c2cc3sc(Cl)cc3s2)C1=O
CHEMBL219875,CN(C)CCOc1cc2c(cc1Cl)NC(=O)Nc1cnc(C#N)c(n1)OCCCCCO2
CHEMBL373939,COc1ccc([C@H]2[C@H]3C[C@H](N)c4ccc(OC)cc4C3=NN2C(C)=O)cc1.O=C(O)C(=O)O
CHEMBL227529,Cn1c(=O)cc(N2CCC[C@@H](N)C2)n(Cc2ccccc2C#N)c1=O.O=C(O)c1ccccc1
CHEMBL390578,N#Cc1ccccc1Cn1c(N2CCC[C@@H](N)C2)nc2ccc(F)cc2c1=O.O=C(O)C(F)(F)F
CHEMBL388341,COc1cc2c(cc1O)C[C@H]1c3c(cc(O)c(OC)c3-2)CC[N+]1(C)C.[I-]
CHEMBL225851,COc1cc2c(cc1OC)-c1c(OC)c(O)cc3c1[C@H](C2)[N+](C)(C)CC3.[I-]
CHEMBL225852,COc1cc2c(cc1OC)-c1c(OC)c(OC)cc3c1[C@H](C2)[N+](C)(C)CC3.[I-]
CHEMBL389537,N[C@H]1CN(c2ccc3ccccc3n2)CC[C@@H]1c1cc(F)c(F)cc1F.O=C(O)C(F)(F)F
CHEMBL231091,N[C@H]1CN(c2nccc3ccccc23)CC[C@@H]1c1cc(F)c(F)cc1F.O=C(O)C(F)(F)F
CHEMBL231092,N[C@H]1CN(c2ccc3nccnc3n2)CC[C@@H]1c1cc(F)c(F)cc1F.O=C(O)C(F)(F)F
CHEMBL389538,N[C@H]1CN(c2cnc3ccccc3n2)CC[C@@H]1c1cc(F)c(F)cc1F.O=C(O)C(F)(F)F
CHEMBL231194,N[C@H]1CN(c2cnc3cccnc3n2)CC[C@@H]1c1cc(F)c(F)cc1F.O=C(O)C(F)(F)F
CHEMBL231195,N[C@H]1CN(c2cnc3cncnc3n2)CC[C@@H]1c1cc(F)c(F)cc1F.O=C(O)C(F)(F)F
CHEMBL231196,N[C@H]1CN(c2cnc3nccnc3n2)CC[C@@H]1c1cc(F)c(F)cc1F.O=C(O)C(F)(F)F
CHEMBL231294,N[C@H]1CN(c2ccn3cnnc3n2)CC[C@@H]1c1cc(F)c(F)cc1F.O=C(O)C(F)(F)F
CHEMBL231496,N[C@H]1CN(c2ccc3nncn3n2)CC[C@@H]1c1cc(F)c(F)cc1F.O=C(O)C(F)(F)F
CHEMBL231497,Cc1nnc2ccc(N3CC[C@H](c4cc(F)c(F)cc4F)[C@@H](N)C3)nn12.O=C(O)C(F)(F)F
CHEMBL390080,CCc1nnc2ccc(N3CC[C@H](c4cc(F)c(F)cc4F)[C@@H](N)C3)nn12.O=C(O)C(F)(F)F
CHEMBL244710,O=C1CC(c2ccco2)NC(c2ccco2)C1Cc1ccccc1.O=[N+]([O-])c1cc([N+](=O)[O-])c(O)c([N+](=O)[O-])c1
CHEMBL243377,Cn1c(C2COCCN2C(=O)OC(C)(C)C)nc(C(=O)NCc2ccc(F)cc2)c(O)c1=O
CHEMBL395819,CN1CCOCC1c1nc(C(=O)NCc2ccc(F)c(Br)c2)c(O)c(=O)n1C
CHEMBL231983,CN1CCN(c2c(CC3SC(=S)NC3=O)c(C(F)(F)F)nn2-c2ccccc2)CC1
CHEMBL392746,CCN1CCCC(n2cc(S(=O)(=O)C3=C(Cl)NC4SC=CN34)c3cccnc32)C1
CHEMBL429985,CC(C)[C@H](N)c1cccc(F)c1N1CCN(C(=O)[C@@H]2CN(C)C[C@H]2c2ccc(Cl)cc2)CC1
CHEMBL393523,O=C(N[C@@H]1CCCCN(Cc2ccccc2)C1=O)N1CCC(N2Cc3ccccc3NC2=O)CC1
CHEMBL236936,O=C(N[C@H]1CCCCN(Cc2ccccc2)C1=O)N1CCC(N2Cc3ccccc3NC2=O)CC1
CHEMBL238229,O=C(N[C@@H]1CCCN(Cc2ccccc2)C1=O)N1CCC(N2Cc3ccccc3NC2=O)CC1
CHEMBL235198,CN(C)C(=O)[C@@H]([C@H]1CC[C@@H](C2CCc3ncnn3C2)CC1)[C@H](N)C(=O)N1CCC(F)(F)C1
CHEMBL235199,CN(C)C(=O)[C@@H]([C@H]1CC[C@H](C2CCc3ncnn3C2)CC1)[C@H](N)C(=O)N1CCC(F)(F)C1
CHEMBL235584,OC(CC1CC[N+]2(CCCC2)CC1)CC1CC[N+]2(CCCC2)CC1.[Br-].[Br-]
CHEMBL393754,O=C(NCC12CC3CC(CC(C3)C1)C2)c1cc(C(=O)N2CC3CNCC(C2)O3)ccc1Cl
CHEMBL398395,O=C(OC1([C@H]2CCC[C@@H](C3CC3)N2S(=O)(=O)c2ccc(Cl)cc2)CC1)N1CC[C@@H](O)C1
CHEMBL240286,CC[C@@H]1CCC[C@H](C2(OC(=O)N3CC[C@@H](O)C3)CC2)N1S(=O)(=O)c1ccc(Cl)cc1
CHEMBL236196,CCC1(O)CCN(C(=O)O[C@H]2CCC3CCCC2N3S(=O)(=O)c2ccc(Cl)cc2)CC1
CHEMBL236553,Cc1cc(S(=O)(=O)Nc2cccc(C(F)(F)F)c2)ccc1OCC(=O)N1CCOCC1
CHEMBL235900,CC12CC3CC(C)(C1)CC(NC(=O)c1cn(CCN4CCOCC4)c4ccccc4c1=O)(C3)C2
CHEMBL240150,CN1CCN(NC(=O)C2=NN(c3ccc(Cl)cc3Cl)C(c3ccc(Cl)cc3)C2)CC1
CHEMBL398585,O=C(NN1CCOCC1)C1=NN(c2ccc(Cl)cc2Cl)C(c2ccc(Cl)cc2)C1
CHEMBL240789,O=C(NN1CCOCC1)C1=NN(c2ccc(Cl)cc2Cl)C(c2ccc3c(c2)OCO3)C1
CHEMBL239703,O=C(NN1CCOCC1)C1=NN(c2ccc(Cl)cc2Cl)C(c2ccc(Cl)cc2)C1.O=S(=O)(O)O
CHEMBL394163,O=C(NN1CCOCC1)C1=NN(c2ccc(Cl)cc2Cl)C(c2ccc(Cl)cc2)C1.O=C(O)C(=O)O
CHEMBL438314,CS(=O)(=O)O.O=C(NN1CCOCC1)C1=NN(c2ccc(Cl)cc2Cl)C(c2ccc(Cl)cc2)C1
CHEMBL393323,Cc1cc(C2=CC(C(=O)NN3CCCCC3)=NS(=O)(=O)N2Cc2ccccc2)ccc1Cl
CHEMBL240324,O=C(NN1CCCCC1)C1=NS(=O)(=O)N(Cc2ccccc2)C(c2ccc(Cl)cc2)=C1
CHEMBL247255,NC1CCN(C(=O)OCC2CCc3ccccc3N2S(=O)(=O)c2ccc(Cl)cc2)CC1
CHEMBL393167,CC(C)(Oc1ccccc1C(F)(F)F)C(=O)N[C@H]1C2CC3CC1C[C@](S(C)(=O)=O)(C3)C2
CHEMBL246442,CN(C)S(=O)(=O)[C@]12CC3CC(C1)[C@@H](NC(=O)C(C)(C)Oc1ccc(Cl)cc1)C(C3)C2
CHEMBL391608,COc1ccc(Cl)cc1CC1CNC(=O)CN(S(=O)(=O)c2ccc(Cl)cc2)C1=O
CHEMBL247169,COc1ccc(OC)c(CC2CNC(=O)CN(S(=O)(=O)c3ccc(Cl)cc3)C2=O)c1
CHEMBL247583,COc1c(Cl)cc(F)cc1CC1CNC(=O)CN(S(=O)(=O)c2ccc(Cl)cc2)C1=O
CHEMBL247185,COc1ccc(Cl)cc1C[C@H]1CNC(=O)CN(S(=O)(=O)c2ccc(Cl)cc2)C1=O
CHEMBL395692,COc1ccc(Cl)cc1C[C@@H]1CNC(=O)CN(S(=O)(=O)c2ccc(Cl)cc2)C1=O
CHEMBL391543,COc1cc(Cl)ccc1CC1CNC(=O)CN(S(=O)(=O)c2ccc(Cl)cc2)C1=O
CHEMBL396168,Cc1ccc(C(=O)N(C)c2ccc([C@H](C(=O)N(C)C)[C@H](N)C(=O)N3CC[C@H](F)C3)cc2)cc1.O=C(O)C(F)(F)F
CHEMBL245969,CN(C)C(=O)[C@@H](c1ccc(N(C)C(=O)c2ccc(F)cc2)cc1)[C@H](N)C(=O)N1CC[C@H](F)C1.O=C(O)C(F)(F)F
CHEMBL437379,C[C@@H](c1ccc(N(C)C(=O)c2ccc(F)cc2)cc1)[C@H](N)C(=O)N1CC[C@H](F)C1.O=C(O)C(F)(F)F
CHEMBL245970,CC(=O)Nc1ccc([C@H](C(=O)N(C)C)[C@H](N)C(=O)N2CC[C@H](F)C2)cc1.O=C(O)C(F)(F)F
CHEMBL246168,CC(=O)N(C)c1ccc([C@H](C(=O)N(C)C)[C@H](N)C(=O)N2CC[C@H](F)C2)cc1.O=C(O)C(F)(F)F
CHEMBL395213,Cl.N[C@H](C(=O)N1CC[C@H](F)C1)C1CCC(NS(=O)(=O)c2ccc(F)cc2F)CC1
CHEMBL395696,COc1ccc(C(=O)N(C)C2CCC([C@H](C)[C@H](N)C(=O)N3CC[C@H](F)C3)CC2)cc1.Cl
CHEMBL249892,COc1cccc2c1C[C@H]1C[C@@H](C(=O)N3CCN(c4ccc(C(N)=O)cc4)CC3)CN(C)[C@@H]1C2
CHEMBL249894,COc1cccc2c1C[C@H]1C[C@@H](C(=O)N3CCN(c4ccc(C(=O)[O-])cc4)CC3)CN(C)[C@@H]1C2.[Na+]
CHEMBL250304,COc1cccc2c1C[C@H]1C[C@@H](C(=O)N3CCN(c4ccc(F)c(F)c4)CC3)CN(C)[C@@H]1C2
CHEMBL438876,CC(=O)C1=NN2c3cc(F)ccc3OC[C@H]2[C@@]1(CCCN1CCNC(=O)CC1)c1ccccc1
CHEMBL250462,O=C(N1CCCC1)N1CC[C@H](CNS(=O)(=O)c2ccc(-c3ccc(Cl)s3)s2)C1
CHEMBL403788,O=C1NCCCC[C@H]1N(Cc1ccc(C(F)(F)F)cc1)S(=O)(=O)c1ccc(Cl)cc1
CHEMBL437967,O=C1NCCCC[C@H]1N(Cc1ccc(Cl)c(Cl)c1)S(=O)(=O)c1ccc(Cl)cc1
CHEMBL248631,O=C1NCCCC[C@H]1N(Cc1cccc(C(F)(F)F)c1)S(=O)(=O)c1ccc(Cl)cc1
CHEMBL398695,O=C1NCCCC[C@H]1N(Cc1cc(Cl)cc(Cl)c1)S(=O)(=O)c1ccc(Cl)cc1
CHEMBL400751,Cn1nc(C(F)(F)F)cc1C(=O)Nc1ccc(S(=O)(=O)N2CCCCC2C(=O)O)cc1
CHEMBL251365,COc1cc2c(cc1N1C[C@@H](C)N[C@@H](C)C1)N(S(=O)(=O)CCc1ccccc1Cl)CC2
CHEMBL252140,CCS(=O)(=O)O.OC1CC2CCC(C1)N2CCCN1c2ccccc2Sc2ccc(Cl)cc21
CHEMBL251466,O=C(c1ccc(Br)cc1NS(=O)(=O)c1c(F)cccc1F)N1CCCCC1
CHEMBL249457,Cl.Cl.c1cc(C2=NCCN2)ccc1CC1CCN(c2ccc(C3=NCCN3)cc2)CC1
CHEMBL401854,C(=C1CCN(c2ccc(C3=NCCN3)cc2)CC1)c1ccc(C2=NCCN2)cc1.Cl.Cl
CHEMBL251492,Cl.Cl.c1cc(N2CCCN(c3ccc(C4=NCCN4)cc3)CC2)ccc1C1=NCCN1
CHEMBL401059,Cl.Cl.c1cc(N2CCCN(c3ccc(C4=NCCCN4)cc3)CC2)ccc1C1=NCCCN1
CHEMBL254705,CC[C@@H]1CCC[C@H](C2(CC(=O)N3CC[C@@H](O)C3)CC2)N1S(=O)(=O)c1ccc(Cl)cc1
CHEMBL252211,CC[C@@H]1CCC[C@H](C2(CC(=O)N3CCNCC3)CC2)N1S(=O)(=O)c1ccc(Cl)cc1
CHEMBL398236,CC(C)[C@H](N)c1cccc(F)c1N1CCN(C(=O)C2COCC2c2ccc(Cl)cc2)CC1
CHEMBL400191,Cc1ccc(N2CCN(C(=O)[C@H]3CCO[C@@H]3c3ccc(Cl)cc3)CC2)c([C@@H](N)C(C)C)c1
CHEMBL251814,Cc1ccc(N2CCN(C(=O)[C@@H]3CCO[C@@H]3c3ccc(Cl)cc3)CC2)c([C@@H](N)C(C)C)c1
CHEMBL404206,CC(C)[C@H](N)c1cccc(F)c1N1CCN(C(=O)[C@H]2CCO[C@@H]2c2ccc(Cl)cc2)CC1
CHEMBL252824,CC(C)[C@H](N)c1cccc(F)c1N1CCN(C(=O)[C@@H]2CCO[C@@H]2c2ccc(Cl)cc2)CC1
CHEMBL254910,CC1CCN(c2cc(N3CCN(S(C)(=O)=O)CC3)ccc2NC(=O)c2ccc(C#N)o2)CC1
CHEMBL258035,CC(C)[C@H](N)c1cccc(F)c1N1CCN(C(=O)C2NCCC2c2ccc(Cl)cc2)CC1
CHEMBL258036,Cc1ccc(N2CCN(C(=O)C3NCCC3c3ccc(Cl)cc3)CC2)c([C@@H](N)C(C)C)c1
CHEMBL258245,Cc1ccc(N2CCN(C(=O)[C@@H]3NCC[C@@H]3c3ccc(Cl)cc3)CC2)c([C@@H](N)C(C)C)c1
CHEMBL256539,CC(=O)N1CC[C@H](c2ccc(C)cc2)[C@@H]1C(=O)N1CCN(c2ccc(C)cc2[C@@H](N)C(C)C)CC1
CHEMBL256540,CC(=O)N1CC[C@H](c2ccc(F)cc2)[C@@H]1C(=O)N1CCN(c2ccc(C)cc2[C@@H](N)C(C)C)CC1
CHEMBL401585,CC(=O)N1CC[C@H](c2ccccc2)[C@@H]1C(=O)N1CCN(c2ccc(C)cc2[C@@H](N)C(C)C)CC1
CHEMBL254364,CC(C)[C@H](N)c1cccc(F)c1N1CCN(C(=O)[C@@H]2NCC[C@@H]2c2ccc(Cl)cc2)CC1
CHEMBL257174,CN1CCC(C2CCN(CCCC(O)(c3ccccc3)c3ccccc3)CC2)CC1.Cl.Cl
CHEMBL436850,C[N+]1(C)CCN(CCCC(O)(c2ccccc2)c2ccccc2)CC1.[I-]
CHEMBL254586,C[N+]1(CCCC(O)(c2ccccc2)c2ccccc2)CCCCC1.[I-]
CHEMBL403626,C[C@@H]1C[C@H](C)CN(C(=O)c2cc(Br)ccc2NC(=O)CNC(=O)c2ccco2)C1
CHEMBL256749,COc1cccc(CNC(=O)c2ccc(Br)c(S(=O)(=O)N3CCCCC3)c2)c1
CHEMBL258379,Cc1cc(CNC(=O)Nc2ccc(Br)cc2C(=O)N2C[C@H](C)C[C@H](C)C2)nn1C
CHEMBL438354,Cc1cnc(CNC(=O)Nc2ccc(Br)cc2C(=O)N2C[C@H](C)C[C@H](C)C2)cn1
CHEMBL256753,CC1(C)[C@H]2CC[C@](C)(C2)[C@@H]1NC(=O)c1ccc(Br)c(S(=O)(=O)N2CCCC2)c1
CHEMBL256962,CC1(C)[C@H]2CC[C@](C)(C2)[C@@H]1NC(=O)c1ccc(Br)c(S(=O)(=O)N2CCOCC2)c1
CHEMBL255923,CN(Cc1ccccc1)S(=O)(=O)c1cc(C(=O)NCC(C)(C)C)ccc1Br
CHEMBL429855,CC(=O)N1CCC(c2ccc(NC(=O)c3ncc(C#N)[nH]3)c(C3=CCS(=O)(=O)CC3)c2)CC1
CHEMBL401801,CN1CCN(C(=O)c2cc(F)ccc2CNC(=O)c2nc(C(C)(C)C)n(C)c(=O)c2O)CC1
CHEMBL263403,NC(=O)C1CCN(C(=O)c2cncc(CS(=O)(=O)c3c(Cl)cccc3Cl)c2)CC1
CHEMBL261466,COc1ccc(N2C[C@@H](C)N[C@@H](C)C2)cc1NS(=O)(=O)c1ccc(Br)cc1
CHEMBL403692,CC1(N2CCC(O)(c3ccc(Cl)cc3)CC2)CCN(S(=O)(=O)c2cccs2)CC1
CHEMBL270253,O=S(=O)(c1ccccc1Cl)N1CCC(N2CCC(O)(c3ccc(Cl)cc3)CC2)CC1
CHEMBL270418,COc1ccc(C2(O)CCN(C3CCN(S(=O)(=O)c4ccccc4Cl)CC3)CC2)cc1
CHEMBL402110,O=S(=O)(c1ccccc1Cl)N1CCC(N2CCC(O)(c3cccc(Cl)c3)CC2)CC1
CHEMBL270358,O=S(=O)(c1ccccc1Cl)N1CCC(N2CCC(O)(c3ccc(F)cc3)CC2)CC1
CHEMBL402824,O=S(=O)(c1ccccc1Cl)N1CCC(N2CCC(O)(c3ccc(Cl)cc3)C2)CC1
CHEMBL255587,Cc1cccc(Cl)c1S(=O)(=O)N1CCC(N2CCC(O)(c3ccc(Cl)cc3)C2)CC1
CHEMBL272758,O=S(=O)(c1ccccc1Cl)N1CCC[C@H](N2CCC(O)(c3ccc(Cl)cc3)CC2)C1
CHEMBL427834,O=S(=O)(c1ccccc1Cl)N1CCC[C@@H](N2CCC(O)(c3ccc(Cl)cc3)CC2)C1
CHEMBL256172,CC(c1nc(-c2ccc(NS(C)(=O)=O)cc2Cl)no1)[C@H](N)C(F)=C1CCCC1.O=C(O)C(F)(F)F
CHEMBL401932,CC(c1nc(-c2ccc(S(=O)(=O)C(F)(F)F)cc2)no1)[C@H](N)C(F)=C1CCCC1.O=C(O)C(F)(F)F
CHEMBL429679,CC(C)S(=O)(=O)N1CCC(N(C)C(=O)NC2CCN(c3cc(F)cc(F)c3)CC2)CC1
CHEMBL257708,CCCS(=O)(=O)N1CCC(N(C)C(=O)NC2CCN(c3cc(F)cc(F)c3)CC2)CC1
CHEMBL257709,CC(c1nc(-c2ccc(S(C)(=O)=O)cc2)no1)[C@H](N)C(F)=C1CCCC1.O=C(O)C(F)(F)F
CHEMBL256603,CC(c1nc(-c2ccc(Br)cc2Cl)no1)[C@H](N)C(F)=C1CCCC1.O=C(O)C(F)(F)F
CHEMBL437026,CC(c1nc(-c2ccc(Cl)cc2Cl)no1)[C@H](N)C(F)=C1CCCC1.O=C(O)C(F)(F)F
CHEMBL437206,C[C@H](c1nc(-c2ccc(S(C)(=O)=O)cc2Cl)no1)[C@H](N)C(=O)N1CCCC1.O=C(O)C(F)(F)F
CHEMBL403415,C[C@H](c1nc(-c2ccc(S(C)(=O)=O)cc2)no1)[C@H](N)C(=O)N1CCCC1.O=C(O)C(F)(F)F
CHEMBL428423,CN(C(=O)NC1CCN(c2cc(Cl)cc(Cl)c2)CC1)C1CCN(S(C)(=O)=O)CC1
CHEMBL257060,C[C@H](c1nc(-c2ccc(S(=O)(=O)C[14CH3])cc2Cl)no1)[C@H](N)C(F)=C1CCCC1.O=C(O)C(F)(F)F
CHEMBL270890,CN(C(=O)NC1CCN(c2ccc(Cl)c(Cl)c2)CC1)C1CCN(S(C)(=O)=O)CC1
CHEMBL270997,CN(C(=O)NC1CCN(c2ccc(Br)cc2)CC1)C1CCN(S(C)(=O)=O)CC1
CHEMBL273182,CN(C(=O)NC1CCN(c2cccc(Br)c2)CC1)C1CCN(S(C)(=O)=O)CC1
CHEMBL257023,CC(c1nc(-c2ccc(S(C)(=O)=O)cc2Cl)no1)[C@H](N)C(F)=C1CCCC1.O=C(O)C(F)(F)F
CHEMBL429757,CCS(=O)(=O)c1ccc(-c2noc(C(C)[C@H](N)C(F)=C3CCCC3)n2)c(Cl)c1.O=C(O)C(F)(F)F
CHEMBL256844,CC(=O)NC[C@H]1CN(c2ccc(N3CCN(C(=O)Nc4ccccn4)CC3)c(F)c2)C(=O)O1
CHEMBL257845,CC(=O)NC[C@H]1CN(c2ccc(N3CCN(C(=O)Nc4ccccc4)CC3)c(F)c2)C(=O)O1
CHEMBL270381,CN(C)C(=O)c1ccc(CN(C2CCCCNC2=O)S(=O)(=O)c2ccc(Cl)cc2)cc1
CHEMBL404576,COc1ccc(CN([C@@H]2CC(F)(F)CCNC2=O)S(=O)(=O)c2ccc(Cl)s2)cn1
CHEMBL256794,COc1ccc(CN([C@@H]2CC(F)(F)CCNC2=O)S(=O)(=O)c2ccc(Cl)cc2)cn1
CHEMBL403149,Cc1nc([C@H](C(=O)N2CCC2)N2C(=O)[C@@H](C3Cc4ccccc4C3)NC(=O)[C@H]2CC(C)C)co1
CHEMBL403477,Cc1nc([C@H](C(=O)N(C)C)N2C(=O)[C@@H](C3Cc4ccccc4C3)NC(=O)[C@H]2CC(C)C)c(C)o1
CHEMBL408691,Cc1nc([C@H](C(=O)N(C)C)N2C(=O)[C@@H](C3Cc4ccccc4C3)NC(=O)[C@H]2CC(C)C)cs1
CHEMBL508300,COc1ccc2c(c1O)-c1c(OC)c(OC)cc3c1[C@H](C2)[N+](C)(C)CC3.[I-]
CHEMBL469667,CN1CCN(CC(c2cccc(OC(F)(F)F)c2)C2(O)CCCCC2)CC1.Cl.Cl
CHEMBL511959,CN1CCN(C[C@@H](c2cccc(OC(F)(F)F)c2)C2(O)CCCCC2)CC1.Cl.Cl
CHEMBL469668,CN1CCN(C[C@H](c2cccc(OC(F)(F)F)c2)C2(O)CCCCC2)CC1.Cl.Cl
CHEMBL518195,CN1CCN(CC(c2ccc(OC(F)(F)F)cc2)C2(O)CCCCC2)CC1.Cl.Cl
CHEMBL512660,CC(C)[C@H]1C(O)=C(C2=NS(=O)(=O)c3c(OCC#N)cccc32)C(=O)N1Cc1ccccc1
CHEMBL509195,Cn1nc(C(F)(F)F)c(Br)c1C(=O)Nc1ccc(S(=O)(=O)N2CCCC2)cc1
CHEMBL451782,CC1CCCCN1S(=O)(=O)c1ccc(NC(=O)c2cc(C(F)(F)F)nn2C(C)C)cc1
CHEMBL469907,Cn1nc(C(F)(F)F)cc1C(=O)Nc1ccc(S(=O)(=O)N2CCCC(C(=O)O)C2)cc1
CHEMBL488902,COc1cc(C)cc2c1C(=O)C=C(c1c(C)cc3c(c1OC)C(=O)C(NC(C)=O)=CC3=O)C2=O
CHEMBL518668,CC(C)(N)CNC(=O)CC1(C)CC2(CCCCC2)OO1.Cc1ccc(S(=O)(=O)O)cc1
CHEMBL472211,CN(C)[C@@H]1CCC[C@H]1Nc1nc(Nc2ccc3c(c2)CCS3(=O)=O)ncc1C(F)(F)F
CHEMBL454649,CS(=O)(=O)O.Cc1ncc(-c2ccnc(Nc3ccc(S(C)(=O)=O)cc3)n2)n1C(C)C
CHEMBL518043,Cc1cc(C(=O)N2CCCCc3ccccc32)ccc1CNC(=O)N1CCC[C@H]1C(=O)N(C)C
CHEMBL461520,Cc1cc(C(=O)N2CCCCc3ccccc32)ccc1CNC(=O)N1CCC[C@@H]1C(=O)N(C)C
CHEMBL462574,Cc1cc(C(=O)N2CCCCc3ccccc32)ccc1CNC(=O)N1C[C@H](O)C[C@H]1C(=O)N(C)C
CHEMBL472900,Cc1cc(C(=O)N2CCCCc3ccccc32)ccc1CNC(=O)N1CC(=O)C[C@H]1C(=O)N(C)C
CHEMBL474119,Cc1cc(C(=O)N2CCCC(O)c3ccccc32)ccc1CNC(=O)N1CCC[C@H]1C(=O)N(C)C
CHEMBL474120,Cc1cc(C(=O)N2CCCC(C)c3ccccc32)ccc1CNC(=O)N1CCC[C@H]1C(=O)N(C)C
CHEMBL475129,Cc1cc(C(=O)N2CCCOc3ccccc32)ccc1CNC(=O)N1CCC[C@H]1C(=O)N(C)C
CHEMBL461725,Cc1cc(C(=O)N2CCCCc3ccccc32)ccc1CNC(=O)NCC(=O)N1CCCCC1
CHEMBL489679,C[C@H]1CN(Cc2ccc(CC(=O)N3CCC(Nc4cccc(F)c4)CC3)cc2)CCN1.Cl
CHEMBL453364,COc1cc2c(cc1O)-c1cc3ccc(OC)c(OC)c3c[n+]1CC2.[I-]
CHEMBL462658,CC[C@@]1(O)C(=O)OCC2=C1C=C1c3nc4ccccc4cc3C3NN=C2N13.O=C(O)C(F)(F)F
CHEMBL473329,COc1ccc2c(c1OC)C[N+]1(CCO)CCc3cc4c(cc3C1C2)OCO4.[Br-]
CHEMBL515559,CCC[N+]12CCc3cc4c(cc3C1Cc1ccc(OC)c(OC)c1C2)OCO4.[I-]
CHEMBL514625,COc1cc2c(cc1OC)C[N+]1(C)CCc3cc4c(cc3C1C2)OCO4.[I-]
CHEMBL473545,CCC[N+]12CCc3cc4c(cc3C1Cc1cc(OC)c(OC)cc1C2)OCO4.[I-]
CHEMBL461987,CCS(=O)(=O)N1CCC(CNC(=O)c2ccc(Cl)cc2Cl)(c2ccccn2)CC1
CHEMBL473142,CC(C)(C)OC(=O)N1CCN(c2ccc(C(=O)Nc3cccc(Br)c3)cc2)CC1
CHEMBL473554,C[C@@H]1CN(CCc2ccncc2)CCN1S(=O)(=O)c1ccc(C(C)(O)C(F)(F)F)cc1
CHEMBL523444,C[C@@H]1CN(CCc2cccnc2)CCN1S(=O)(=O)c1ccc(C(C)(O)C(F)(F)F)cc1
CHEMBL489708,C[C@@H]1CN(CCc2ccccn2)CCN1S(=O)(=O)c1ccc(C(C)(O)C(F)(F)F)cc1
CHEMBL470730,CCCN1C(=O)C(c2c(C)[nH]n(-c3ccccc3)c2=O)(C(F)(F)F)C2=C1CC(C)(C)CC2=O
CHEMBL513730,Cc1[nH]n(-c2ccccc2)c(=O)c1C1(C(F)(F)F)C(=O)N(C(C)C)C2=C1C(=O)CC(C)(C)C2
CHEMBL470918,Cc1[nH]n(-c2ccccc2)c(=O)c1C1(C(F)(F)F)C(=O)N(C2CC2)C2=C1C(=O)CC(C)(C)C2
CHEMBL474835,Cc1[nH]n(-c2ccccc2)c(=O)c1C1(C(F)(F)F)C(=O)N(C2CCC2)C2=C1C(=O)CC(C)(C)C2
CHEMBL492078,Cc1[nH]n(C(C)C)c(=O)c1C1(C(F)(F)F)C(=O)N(c2ccccc2)C2=C1C(=O)CC(C)(C)C2
CHEMBL494052,COc1ccc2c(c1O)-c1c(O)c(OC)cc3c1[C@H](C2)[N+](C)(C)CC3.[I-]
CHEMBL491701,COc1cc([C@H]2[C@@H](O)N(C)C(=O)[C@]23CCC(=O)N3C)c(Br)cc1Br
CHEMBL499991,COc1cc2c(cc1OC)[C@H](Cc1ccc(O)cc1)[N+](C)(C)CC2.[I-]
CHEMBL480528,NC(=O)c1ccccc1OCc1ccc(F)c(C(=O)N2CCN(C(=O)C3CCCC3)CC2)c1
CHEMBL481921,CN(C(=O)N1CC(c2cc(F)ccc2F)=C[C@@]1(CO)c1ccccc1)C1CCN(C2CC2)CC1
CHEMBL481931,CN1CC[C@H](N(C)C(=O)N2CC(c3cc(F)ccc3F)=C[C@@]2(CO)c2ccccc2)[C@H](F)C1
CHEMBL481932,CN1CC[C@H](N(C)C(=O)N2CC(c3cc(F)ccc3F)=C[C@@]2(CO)c2ccccc2)[C@@H](F)C1
CHEMBL481933,CN1CC[C@@H](N(C)C(=O)N2CC(c3cc(F)ccc3F)=C[C@@]2(CO)c2ccccc2)[C@@H](F)C1
CHEMBL520446,CN1CC[C@@H](N(C)C(=O)N2CC(c3cc(F)ccc3F)=C[C@@]2(CO)c2ccccc2)[C@H](F)C1
CHEMBL449149,O=C1CN(c2ncccc2C(F)(F)F)CCN1S(=O)(=O)c1ccc(Cl)c(Cl)c1
CHEMBL480164,O=C1CN(S(=O)(=O)c2ccc(Cl)c(Cl)c2)CCN1c1ncccc1C(F)(F)F
CHEMBL523836,Cn1cc(-c2ccc(S(C)(=O)=O)cc2)c([C@@H]2CCC(F)(F)C[C@H]2C(=O)NC2(C#N)CC2)n1
CHEMBL506707,CC(C)(C(=O)Nc1ccc(Cl)c(Br)c1)S(=O)(=O)c1ccc(Cl)cc1
CHEMBL459951,CC1(O)C[C@H]2CC[C@]1(CS(=O)(=O)N1CCN(c3ccc(C(F)(F)F)cn3)CC1)C2(C)C
CHEMBL481197,C[C@H]1CN(S(=O)(=O)C[C@]23CC[C@H](CC2O)C3(C)C)CCN1c1ccc(C(F)(F)F)cn1
CHEMBL481198,C[C@H]1CN(S(=O)(=O)C[C@]23CC[C@H](C[C@@H]2O)C3(C)C)CCN1c1ccc(C(F)(F)F)cn1
CHEMBL465918,C[C@H]1CN(S(=O)(=O)C[C@]23CC[C@H](C[C@H]2O)C3(C)C)CCN1c1ccc(C(F)(F)F)cn1
CHEMBL519434,CC1(C)[C@@H]2CC[C@@]1(CS(=O)(=O)N1CCC(Nc3ccc(C(F)(F)F)cn3)CC1)C(=O)C2
CHEMBL480601,CC1(C)[C@@H]2CC[C@@]1(CS(=O)(=O)NC1CCN(c3ccc(C(F)(F)F)cn3)CC1)C(=O)C2
CHEMBL481619,N[C@H]1CCN(C(=O)[C@@H]2CCCCN2S(=O)(=O)c2ccc(NC(=O)c3ccccc3)cc2)C1
CHEMBL480639,Cc1ccc(-c2ccc(S(=O)(=O)N3CCCC[C@H]3C(=O)N3C[C@@H](C)N[C@@H](C)C3)cc2F)o1
CHEMBL482220,N[C@@H]1CCN(C(=O)[C@@H]2CCCCN2S(=O)(=O)c2ccc(-c3cc(Cl)ccc3Cl)cc2)C1
CHEMBL480235,Cc1cc(C(=O)N2CCN(C(=O)C3CCCO3)CC2)ccc1CC(O)c1cccc(Cl)c1
CHEMBL482338,Cl.N[C@@H](CC(=O)N1CCCN(C(=O)c2ccccc2)CC1)Cc1cc(F)c(F)cc1F
CHEMBL481554,Cl.N[C@@H](CC(=O)N1CCCN(C(=O)c2cccnc2)CC1)Cc1cc(F)c(F)cc1F
CHEMBL521267,Cl.N[C@@H](CC(=O)N1CCCN(C(=O)Nc2ccccc2)CC1)Cc1cc(F)c(F)cc1F
CHEMBL481725,CN1CCN(C(=O)N2CCCN(C(=O)C[C@H](N)Cc3cc(F)c(F)cc3F)CC2)CC1.Cl
CHEMBL474047,N#C[C@@H]1CCCN1C(=O)[C@@H](N)CCC(=O)N1CCn2nc(C(F)(F)F)nc2C1.O=C(O)C(F)(F)F
CHEMBL474048,N#C[C@@H]1CCCN1C(=O)[C@@H](N)CCC(=O)N1CCn2cc(C(F)(F)F)nc2C1.O=C(O)C(F)(F)F
CHEMBL516080,CCOC(=O)N1CCN(C(=O)CC[C@H](N)C(=O)N2CCC[C@H]2C#N)CC1.O=C(O)C(F)(F)F
CHEMBL474808,N#C[C@@H]1CCCN1C(=O)[C@@H](N)CCC(=O)N1CCN(C(=O)C(F)(F)F)CC1.O=C(O)C(F)(F)F
CHEMBL474982,N#C[C@@H]1CCCN1C(=O)[C@@H](N)CCC(=O)N1CCN(c2ccncc2)CC1.O=C(O)C(F)(F)F
CHEMBL475662,C[C@H](CC(=O)N1CCn2c(nnc2C(F)(F)F)C1)[C@H](N)C(=O)N1CCC[C@H]1C#N.O=C(O)C(F)(F)F
CHEMBL474002,CC[C@H](CC(=O)N1CCn2c(nnc2C(F)(F)F)C1)[C@H](N)C(=O)N1CCC[C@H]1C#N.O=C(O)C(F)(F)F
CHEMBL474003,CC(C)(CC(=O)N1CCn2c(nnc2C(F)(F)F)C1)[C@H](N)C(=O)N1CCC[C@H]1C#N.O=C(O)C(F)(F)F
CHEMBL475169,CC(C)(CC(=O)N1CCn2nc(C(F)(F)F)nc2C1)[C@H](N)C(=O)N1CCC[C@H]1C#N.O=C(O)C(F)(F)F
CHEMBL475863,CC(C)(CC(=O)N1Cc2ccccc2C1)[C@H](N)C(=O)N1CCC[C@H]1C#N.O=C(O)C(F)(F)F
CHEMBL474025,CC(C)(CC(=O)N1CCc2ccccc2C1)[C@H](N)C(=O)N1CCC[C@H]1C#N.O=C(O)C(F)(F)F
CHEMBL514006,CC(C)(CC(=O)N1CCc2ccsc2C1)[C@H](N)C(=O)N1CCC[C@H]1C#N.O=C(O)C(F)(F)F
CHEMBL475870,COC[C@@H]1CCCN1C(=O)CC(C)(C)[C@H](N)C(=O)N1CCC[C@H]1C#N.O=C(O)C(F)(F)F
CHEMBL515590,CC(=O)[C@H]1[C@H](CC(=O)O)C[C@H]2[C@@H]3CC[C@H]4C[C@H](O)CC[C@]4(C)[C@H]3CC[C@@]21C.CCN(CC)CC
CHEMBL494146,N#C[C@@H]1CCCN1C(=O)[C@@H](N)CCC(=O)N1CCc2ccccc2C1.O=C(O)C(F)(F)F
CHEMBL494339,N#C[C@@H]1CCCN1C(=O)[C@@H](N)CCC(=O)N1CCc2nc(-c3ccc(F)cc3)sc2C1.O=C(O)C(F)(F)F
CHEMBL494340,N#C[C@@H]1CCCN1C(=O)[C@@H](N)CCC(=O)N1CCc2ccsc2C1.O=C(O)C(F)(F)F
CHEMBL492733,N#C[C@@H]1CCCN1C(=O)[C@@H](N)CCC(=O)N1CCn2c(nnc2C(F)(F)F)C1.O=C(O)C(F)(F)F
CHEMBL492986,NS(=O)(=O)N1CC2(CCN(C(=O)Nc3ccc(Cl)c(Cl)c3)CC2)c2ccccc21
CHEMBL492370,CS(=O)(=O)N1CC2(CCN(C(=O)Nc3ccc(Cl)c(Cl)c3)CC2)c2ccccc21
CHEMBL495196,CN(c1ccc(NC(=O)C(C)(O)C(F)(F)F)c(Cl)c1)S(=O)(=O)c1ccc(C#N)cc1
CHEMBL467473,CCN1CCN(c2cc3[nH]c(SC4(C)CCC(NC(=O)OC)C4)nc3cc2Cl)CC1
CHEMBL469125,CC(C)(C)OC(=O)N1CCC([C@@H](NS(=O)(=O)c2cc3ccccc3s2)C(=O)O)CC1
CHEMBL468524,CCN1CCN(c2cc3[nH]c(S[C@]4(C)CC[C@@H](S(C)(=O)=O)CC4)nc3cc2Cl)CC1
CHEMBL466107,CN1CCN(CC(=O)NC2CC3(N(C)C)CC(c4ccccc4)C2C(c2ccccc2)C3)CC1
CHEMBL467709,O=C(NC1Cc2ccccc2C1)[C@H]1[C@H](CO)[C@H]2Cn3c(cccc3=O)[C@H]2N1CC1CCCCC1
CHEMBL522695,C[C@]12C[C@H](N3CCN(c4ccccn4)CC3)[C@@H](O)C[C@@H]1CC[C@@H]1[C@@H]2CC[C@]2(C)[C@@H](O)CC[C@@H]12
CHEMBL522524,NCCN1CC(=O)NC2(CSC3=C2C(=O)c2ccccc2C3=O)C1=O.O=C(O)C(F)(F)F
CHEMBL494437,NCCCN1CC(=O)NC2(CSC3=C2C(=O)c2ccccc2C3=O)C1=O.O=C(O)C(F)(F)F
CHEMBL494981,Cl.O=C1CN(CCN2CCCCC2)C(=O)C2(CSC3=C2C(=O)c2ccccc2C3=O)N1
CHEMBL523384,Cl.O=C1CN(CCN2CCOCC2)C(=O)C2(CSC3=C2C(=O)c2ccccc2C3=O)N1
CHEMBL496290,Cl.O=C1CN(CCCc2ncc[nH]2)C(=O)C2(CSC3=C2C(=O)c2ccccc2C3=O)N1
CHEMBL497542,COCc1ccccc1C#CC#Cc1cc(C(=O)[O-])sc1C(O)C#CC#CC(C)(C)C.[K+]
CHEMBL468349,COc1cc2c(cc1CN[C@H]1CCCN[C@H]1c1ccccc1)[C@](C)(C(F)(F)F)OCC2.O
CHEMBL520650,COC(=O)NC[C@H]1CN(c2ccc(-c3ccc([C@@]4(C#N)[C@@H]5CNC[C@@H]54)nc3)c(F)c2)C(=O)O1
CHEMBL506627,NC(=O)N1CCCC(c2ccccc2)(C2CCN(Cc3ccc(Br)cc3)CC2)C1
CHEMBL522564,CC(=O)NC[C@H]1CN(c2ccc(N3CCN(C(=O)OC(C)(C)C)S3(=O)=O)c(F)c2)C(=O)O1
CHEMBL496788,CC(=O)NC[C@H]1CN(c2ccc(N3CCN(Cc4ccccc4)S3(=O)=O)c(F)c2)C(=O)O1
CHEMBL477015,CS(=O)(=O)Nc1ccc2c(c1)[C@H](O)CC1(CCN([C@@H]3CCc4cc(C#N)ccc4C3)CC1)O2
CHEMBL478322,O=C(Nc1cccc(C(=O)N2CCC(N3CCOCC3)CC2)c1)NC12CC3CC(CC(C3)C1)C2
CHEMBL482637,CS(=O)(=O)c1ccc2c(c1)CCC1(CCCN(C(=O)N[C@H]3C[C@@H]3c3ccccc3)CC1)O2
CHEMBL495586,CS(=O)(=O)c1ccc2c(c1)C(=O)CC1(CCN(C(=O)N[C@@H]3CC[C@@H](c4ccccc4)C3)CC1)O2
CHEMBL495794,CS(=O)(=O)c1ccc2c(c1)C(=O)CC1(CCN(C(=O)N[C@H]3C[C@@H]3c3ccccc3)CC1)O2
CHEMBL462768,COc1c(C)c(OC)c2c(c1OC)[C@@H](CO)N1[C@H]3[C@@H]4[C@@H](C[C@H]([C@H]1C#N)N4C)[C@@H]1OCCN1[C@@H]23
CHEMBL483539,COc1ccc(Cl)cc1N1CCN(CCN2C(=O)C3Nc4ccccc4C3N=C2C)CC1
CHEMBL484521,COC[C@@H]1CCCN1C(=O)C1CCCN1c1cc(Nc2cccc(Br)c2)ncn1
CHEMBL484310,COc1ccccc1N1CCN(C(C)CN2C(=O)NC3c4ccccc4SC3C2=O)CC1
CHEMBL524500,COc1ccccc1N1CCN(C(C)CCN2C(=O)NC3c4ccccc4N(C)C3C2=O)CC1
CHEMBL500912,COc1ccccc1N1CCN(CCCN2C(=O)NC3c4ccccc4SC3C2=O)CC1
CHEMBL502262,COc1ccccc1N1CCN(C(C)CCN2C(=O)C3Nc4ccccc4C3N(C)C2=O)CC1
CHEMBL524505,Cl.O[C@@]12CCCC[C@@]13CCN(CC1CCC1)[C@@H]2Cc1ccc(OCc2ccccc2)cc13
CHEMBL517014,Oc1ccc2c(c1)C[C@@H]1[C@@H](CCCN1CCN1CCN(c3cccc(Cl)c3Cl)CC1)C2
CHEMBL464183,Oc1ccc2c(c1)C[C@H]1[C@@H](CCCN1CCN1CCN(c3cccc(Cl)c3Cl)CC1)C2
CHEMBL456979,Oc1cccc2c1C[C@@H]1CCCN(CCN3CCN(c4cccc(Cl)c4Cl)CC3)[C@H]1C2
CHEMBL470157,O=C1C=C(NCCc2cc(Br)c(O)c(Br)c2)C(=O)c2ncccc21
CHEMBL513575,CCOc1ccc2c(c1)C=C/C(=C/C=C1\C=C(C)c3cccnc3C1=O)N2C.I
CHEMBL459806,Cn1c(=O)cc(N2CCC[C@@H](N)C2)n(Cc2ccccc2C#N)c1=O.O=C(O)C(F)(F)F
CHEMBL470604,Cc1ccc(S(=O)(=O)N2CCC(C(=O)NCc3ccc(Cl)cc3Cl)CC2)c(C)c1
CHEMBL469553,O=C(NCc1ccc(Cl)cc1Cl)C1CCN(S(=O)(=O)c2ccc(Cl)s2)CC1
CHEMBL512659,Cc1cc(C)c(S(=O)(=O)N2CCC(C(=O)NCc3ccc(F)cc3Cl)CC2)c(C)c1
CHEMBL469998,Cc1cc(C)c(S(=O)(=O)N2CCC(C(=O)NCc3c(F)cccc3Cl)CC2)c(C)c1
CHEMBL511461,C[N+]1(CC2CC2)CC[C@]23c4c5ccc(C(N)=O)c4O[C@H]2C(=O)CC[C@@]3(O)[C@H]1C5.[I-]
CHEMBL470617,C[N+]1(CC2CC2)CC[C@]23c4c5ccc(O)c4O[C@H]2C(=O)CC[C@@]3(O)[C@H]1C5.[I-]
CHEMBL512663,Fc1cc(Cl)ccc1CN1CCC(NCC23CC4CC(CC(C4)C2)C3)CC1.O=C(O)/C=C\C(=O)O
CHEMBL512499,CCNCc1nc2c3ccccc3ncc2n1CC(C)(C)O.O=C(O)C(F)(F)F.O=C(O)C(F)(F)F
CHEMBL496891,CN1C[C@@H]2CN(c3ccc(-c4ccccc4)cn3)C[C@@H]2C1.Cc1ccc(S(=O)(=O)O)cc1
CHEMBL498262,CCN1C[C@@H]2CN(c3ccc(-c4ccccc4)nn3)C[C@@H]2C1.Cc1ccc(S(=O)(=O)O)cc1
CHEMBL500433,COc1ccc(-c2ccc(N3C[C@H]4CN(C)C[C@H]4C3)nn2)cc1.Cc1ccc(S(=O)(=O)O)cc1
CHEMBL500434,CN1C[C@@H]2CN(c3ccc(-c4ccc(O)cc4)nn3)C[C@@H]2C1.Cc1ccc(S(=O)(=O)O)cc1
CHEMBL496851,CN1C[C@@H]2CN(c3ccc(-c4ccc5[nH]ccc5c4)nn3)C[C@@H]2C1.Cc1ccc(S(=O)(=O)O)cc1
CHEMBL526936,C1CCN2C[C@]34C[C@H](C[C@@H]5CCCN([C@@H]6CCC[C@@H]3N6)[C@H]54)[C@H]2C1.[O-][Cl+3]([O-])([O-])O.[O-][Cl+3]([O-])([O-])O
CHEMBL520387,COc1cc(OC)cc(C2C3=C(CN(C(=O)OC(C)(C)C)C3=O)Nc3cc4c(cc32)OCO4)c1
CHEMBL528715,CC(C)c1sc(N2CCN(C)CC2)nc1C(=O)Nc1ccc(F)cc1C(F)(F)F.O=C(O)C(F)(F)F
CHEMBL586269,NC1=NC(c2ccccc2)(c2ccccn2)C(=O)N1CCCc1ccccc1.O=C(O)C(F)(F)F
CHEMBL528945,COc1ccc(NC(=O)NC2CCN(c3ccnc4ccccc34)C2)cc1.O=C(O)C(F)(F)F
CHEMBL528284,COc1cc(C2NCC3(CCOCC3)c3cc4c(cc32)OCCO4)cc(OC)c1OC.Cl
CHEMBL586718,O=C(NC1CCN(c2ccnc3ccccc23)C1)c1ccc(OC(F)(F)F)cc1.O=C(O)C(F)(F)F
CHEMBL527846,CN1CCC(O)(c2ccc(Br)cc2)C(C(O)c2ccc(Br)cc2)C1.CS(=O)(=O)O
CHEMBL527860,CC(C)CN1CCC(N(C)c2cc(NC(=O)c3cccc(F)c3)ccn2)CC1.O=C(O)C(F)(F)F
CHEMBL528985,CCCNC(=O)c1ccc(N2CCC(c3ccccc3C)CC2)nc1.O=C(O)C(F)(F)F
CHEMBL529882,CC1CCN(c2nc(C(=O)Nc3cccc4c3CCCC4)c(C(C)C)s2)CC1.O=C(O)C(F)(F)F
CHEMBL528335,CCc1sc(-c2cc(Cl)ccc2OC)nc1C(=O)NCCN1CCCCC1.O=C(O)C(F)(F)F
CHEMBL527901,O=C(NCc1ccccc1)c1ccc(C(=O)NCC2CNCCO2)cc1.O=C(O)C(F)(F)F
CHEMBL587781,CC(C)CCN1CCC(Oc2ccc(NC(=O)c3cccs3)cc2Cl)C1.O=C(O)C(F)(F)F
CHEMBL529009,CC(C)CNC(=O)c1cncc(-c2ccc(CN3CCC(N4CCCC4)CC3)cc2)c1.O=C(O)C(F)(F)F
CHEMBL586692,COc1ccc(C(=O)NC2CCN(c3ccnc4cc(Cl)ccc34)C2)cc1.O=C(O)C(F)(F)F
CHEMBL527691,Cc1ccc(NC(=O)c2cnc(N3CCN(c4ccncc4)CC3)c(Cl)c2)cc1.O=C(O)C(F)(F)F
CHEMBL588018,FC(F)(F)c1ccc(CNC2CCN(CC3CCCCC3)CC2)cc1.O=C(O)C(F)(F)F
CHEMBL529474,O=C(Cc1ccccc1)NC1CCN(c2ccnc3cc(Cl)ccc23)C1.O=C(O)C(F)(F)F
CHEMBL529924,Cc1ccc(C)c(S(=O)(=O)NCC2CCN(Cc3ccc(O)cc3)CC2)c1.O=C(O)C(F)(F)F
CHEMBL529492,CC(C)CCN1CCC(Oc2ccc(NC(=O)c3ccco3)cc2Cl)CC1.O=C(O)C(F)(F)F
CHEMBL529273,O=C(O)C(F)(F)F.c1cc(CNCC2CCN(CC3CCCCC3)CC2)cc(-n2ccnc2)c1
CHEMBL527515,COc1cc2c(cc1OC)CN(c1cc(N)c3cc(OC)c(OC)cc3n1)CC2.CS(=O)(=O)O
CHEMBL587069,O=C(O)C(F)(F)F.O=S(=O)(NC1CCN(c2ccnc3cc(Cl)ccc23)C1)c1cccs1
CHEMBL529289,Br.COc1ccc(CC(C)NCC(O)c2cccc(C(F)(F)F)c2)cc1F
CHEMBL529962,CCC(C)CN1CCCN(c2ccc(NC(=O)c3cccs3)cc2)CC1.O=C(O)C(F)(F)F
CHEMBL529084,Cc1ccccc1N1CCN(c2ccc(C(=O)NC(C)C)cn2)CC1.O=C(O)C(F)(F)F
CHEMBL527322,CCOc1ccc(C(=O)Nc2cc(Br)c3c(c2)CNCC3)cc1Br
CHEMBL529086,Cc1ccccc1N1CCN(c2ccc(C(=O)Nc3ccccc3)cn2)CC1.O=C(O)C(F)(F)F
CHEMBL527561,Cc1cc(-c2cccc(CNC3CCN(C)CC3)c2)ccc1S(=O)(=O)NC1CCC1.O=C(O)C(F)(F)F
CHEMBL527345,COc1ccc(Cl)cc1NC(=O)C(C)N1CCN(S(=O)(=O)c2ccccc2F)CC1
CHEMBL530643,O=C(NC1CC1)c1cnc(N2CCCC(c3ccccc3)C2)c(Cl)c1.O=C(O)C(F)(F)F
CHEMBL529552,CN1CCC(O)(c2ccc(Br)cc2)C(C(O)c2ccc(Br)cc2)C1
CHEMBL587810,CCOc1ccc(C(=O)Nc2cc(Br)c3c(c2)CNCC3)cc1C(F)(F)F.Cl
CHEMBL587314,COc1ccc(CN2CCC(NCc3ccc(C(F)(F)F)cc3)CC2)cc1.O=C(O)C(F)(F)F
CHEMBL530025,O=C(/C=C/c1ccc(Cl)c(Cl)c1)NC1CCN(Cc2cccc(O)c2)CC1.O=C(O)C(F)(F)F
CHEMBL530687,CN1CCC(NCc2ccc(-c3ccc(S(=O)(=O)NC4CCC4)s3)cc2)CC1.O=C(O)C(F)(F)F
CHEMBL587847,O=C(O)C(F)(F)F.Oc1ccc(CN2CCC(NCc3cccc(C(F)(F)F)c3)CC2)cc1
CHEMBL526575,Cc1ccc(NC(=O)c2cc(Br)cc(N3CCCN(C)CC3)c2)cc1F.O=C(O)C(F)(F)F
CHEMBL525471,Cc1ccc(NC(=O)c2cc(Br)cc(N3CCC(N(C)C)CC3)c2)cc1F.O=C(O)C(F)(F)F
CHEMBL525653,O=C(NC1CC1)c1cnc(N2CCN(Cc3ccc(Cl)cc3)CC2)c(Cl)c1.O=C(O)C(F)(F)F
CHEMBL526950,CC(C)CNC(=O)c1ccc(-c2cccc(CN3CCC(N4CCCC4)CC3)c2)nc1.O=C(O)C(F)(F)F
CHEMBL524208,CN1CCN(CC(O)CNC(=O)Nc2ccc(Br)cc2)CC1.O=C(O)C(F)(F)F
CHEMBL526401,CN1CCc2cc(CN3CC4(C)CC3CC(C)(C)C4)c(O)cc2C(c2ccccc2)C1.Cl
CHEMBL588688,Cc1ccc(S(=O)(=O)NC2CCN(c3ccnc4cc(Cl)ccc34)C2)cc1.O=C(O)C(F)(F)F
CHEMBL525298,O=C(O)C(F)(F)F.Oc1ccc(CN2CCC(NCc3cccc4ccccc34)CC2)cc1
CHEMBL589047,COc1cccc(CNC(=O)[C@@H]2CN(C(=O)c3ccccc3)CCN2)c1.O=C(O)C(F)(F)F
CHEMBL526961,CCN(CCCN1CCCCC1)c1cc(C)nc(Nc2ccc(C)c(F)c2)n1.O=C(O)C(F)(F)F
CHEMBL526227,O=C(Nc1cccc(Cl)c1Cl)NC1CCN(Cc2cccc(O)c2)CC1.O=C(O)C(F)(F)F
CHEMBL526968,Cc1ccc(NC(=O)NC2CCN(c3ccnc4ccccc34)C2)cc1.O=C(O)C(F)(F)F
CHEMBL587564,CCS(=O)(=O)O.CN(C)C(=O)c1cccc(COc2ccc(N3C(N)=NC(N)=NC3(C)C)cc2Cl)c1
CHEMBL587749,CC[C@H](C)CNC(=O)c1ccnc(-c2cccc(CN(C)C3CCN(C)CC3)c2)c1.O=C(O)C(F)(F)F
CHEMBL586238,O=C(Nc1ccc(F)cc1)NC1CCN(c2ccnc3ccccc23)C1.O=C(O)C(F)(F)F
CHEMBL525142,CC(C)c1sc(N2CCN(C)CC2)nc1C(=O)NCCc1ccc(Br)cc1.O=C(O)C(F)(F)F
CHEMBL524248,Br.CC1CCC2(CC1)N=C(N)N=C(N)N2OCc1ccc(Br)c2ccccc12
CHEMBL587010,CCCC(C)NC(=O)C(N)Cc1cccc(I)c1.O=C(O)C(F)(F)F
CHEMBL526634,CCN(CCCN1CCCCC1)c1cc(C)nc(Nc2cc(F)cc(F)c2)n1.O=C(O)C(F)(F)F
CHEMBL524255,Cc1ccc(NC(=O)c2ccnc(N3CCN(c4ccncc4)CC3)c2)cc1F.O=C(O)C(F)(F)F
CHEMBL534065,O=C(NC1CC1)c1cnc(N2CCC(Cc3ccccc3)CC2)c(Cl)c1.O=C(O)C(F)(F)F
CHEMBL586413,O=C(/C=C/c1ccc(Cl)c(Cl)c1)NC1CCN(Cc2ccc(O)cc2)C1.O=C(O)C(F)(F)F
CHEMBL533615,N#Cc1ccc2c(c1)CN(C1CCC(NC(=O)C3=Cc4cc(Cl)ccc4OC3)CC1)CCC2
CHEMBL586949,CC(CNC(=O)[C@H]1CNCCN1C(=O)CCCc1ccccc1)c1ccccc1.O=C(O)C(F)(F)F
CHEMBL588786,Cc1ccc(NC(=O)c2ccc(N3CCN(c4ccncc4)CC3)cn2)cc1F.O=C(O)C(F)(F)F
CHEMBL582538,O=C(Nc1cccc(F)c1)N1CCC(NS(=O)(=O)c2ccc(Br)cc2)CC1
CHEMBL531840,O=C(NC1CC1)c1cnc(N2CCN(Cc3c(F)cccc3Cl)CC2)c(Cl)c1.O=C(O)C(F)(F)F
CHEMBL532517,O=C(/C=C/c1ccc(Cl)c(Cl)c1)NC1CCN(Cc2ccc(O)cc2)CC1.O=C(O)C(F)(F)F
CHEMBL532745,CC(C)c1sc(N2CCN(C)CC2)nc1C(=O)NCCc1cccc(Cl)c1.O=C(O)C(F)(F)F
CHEMBL586404,CC[C@H](C)CNC(=O)c1cncc(-c2ccc(CN(C)C3CCN(C)CC3)cc2)c1.O=C(O)C(F)(F)F
CHEMBL588974,Cc1cccc(NC(=O)c2cnc(N3CCN(c4ccncc4)CC3)c(Cl)c2)c1.O=C(O)C(F)(F)F
CHEMBL587348,O=C(NC1CC1)c1cnc(N2CCC(c3ccccc3)CC2)c(Cl)c1.O=C(O)C(F)(F)F
CHEMBL532980,O=C(Nc1ccc(C(F)(F)F)cc1)Nc1ccccc1N1CCNCC1.O=C(O)C(F)(F)F
CHEMBL531202,CCN(CCCN1CCCCC1)c1cc(C)nc(Nc2ccc(C)c(C)c2)n1.O=C(O)C(F)(F)F
CHEMBL588762,O=C(O)C(F)(F)F.O=S(=O)(NC1CCN(c2ccnc3cc(Cl)ccc23)C1)c1cccc(F)c1
CHEMBL586233,O=C(O)C(F)(F)F.O=S(=O)(NC1CCN(c2ccnc3cc(Cl)ccc23)C1)c1ccc(F)cc1
CHEMBL532317,CCN(CCCN1CCCCC1)c1cc(C)nc(Nc2cc(C)ccc2C)n1.O=C(O)C(F)(F)F
CHEMBL533665,COc1ccc2ccccc2c1CNCC1CCN(CC2CCCCC2)CC1.O=C(O)C(F)(F)F
CHEMBL530763,FC(F)(F)c1cccc(CNC2CCN(CC3CCCCC3)CC2)c1.O=C(O)C(F)(F)F
CHEMBL530782,Cc1ccccc1N1CCN(c2ncc(C(=O)NC3CC3)cc2Cl)CC1.O=C(O)C(F)(F)F
CHEMBL531231,FC(F)(F)c1ccc(CNCC2CCN(Cc3ccc4c(c3)OCO4)CC2)cc1.O=C(O)C(F)(F)F
CHEMBL586202,O=C(NCc1ccc(Cl)c(Cl)c1)[C@H]1CNCCN1C(=O)c1ccccc1.O=C(O)C(F)(F)F
CHEMBL532113,CC(C)N1CCCN(C(=O)C2CCN(c3ccc(C(=O)N4CCCC4)cn3)CC2)CC1.Cl
CHEMBL531461,CN1CCCC1CNS(=O)(=O)c1ccc(C(=O)NCC2CC2)cc1.O=C(O)C(F)(F)F
CHEMBL588403,CCN(CC)CCN1C(=O)C(O)(c2ccccc2Cl)c2c1cc(C#N)cc2C(F)(F)F
CHEMBL534123,Cc1ccc(NC(=O)c2ccc(N3CCN(c4ccncc4)CC3)cc2)cc1F.O=C(O)C(F)(F)F
CHEMBL532800,Cc1cccc(CN2CCN(c3ncc(C(=O)NC4CC4)cc3Cl)CC2)c1.O=C(O)C(F)(F)F
CHEMBL533450,CC(C)c1sc(N2CCN(C)CC2)nc1C(=O)NCCc1ccc(Cl)c(Cl)c1.O=C(O)C(F)(F)F
CHEMBL587371,O=C(Nc1ccc(N2CCN(Cc3ccccc3)CC2)cc1)c1cccs1.O=C(O)C(F)(F)F
CHEMBL532583,COc1cc2c(cc1OC)C(C)(C)CN1Cc3c(c(CO)c(OC)c(OC)c3OC)CC21.Cl
CHEMBL588412,O=C(Nc1ccc(Cl)c(Cl)c1)Nc1ccccc1N1CCNCC1.O=C(O)C(F)(F)F
CHEMBL580649,COc1ccc(C(=O)Nc2cc(Br)c3c(c2)CNCC3)cc1C(F)(F)F.Cl
CHEMBL533916,O=C(NC1CCN(Cc2ccccc2O)C1)c1ccc(Cl)c(Cl)c1.O=C(O)C(F)(F)F
CHEMBL534145,O=C(NCC1CN(Cc2ccc(N3CCCC3)o2)CCCO1)c1ccc2c(c1)OCO2.O=CO
CHEMBL532828,CC[C@H](C)CNC(=O)c1cncc(-c2ccc(CNC3CCCC3)cc2)c1.O=C(O)C(F)(F)F
CHEMBL533927,Cc1ccc(CC(C)(C)NCC(O)c2cccc(C(F)(F)F)c2)cc1.O=C(O)/C=C/C(=O)O
CHEMBL530850,CCc1sc(N2CCN(C)CC2)nc1C(=O)Nc1ccc(F)cc1C(F)(F)F.O=C(O)C(F)(F)F
CHEMBL586763,Br.COc1ccc2c(c1)CCCC2C(C)NCC(O)c1cccc(C(F)(F)F)c1
CHEMBL531307,FC(F)(F)c1cccc(CNCC2CCN(CC3CCCCC3)CC2)c1.O=C(O)C(F)(F)F
CHEMBL587167,COc1ccc(C(=O)Nc2cc(Cl)c3c(c2)C2CCCN2CC3)cc1C(F)(F)F.Cl
CHEMBL533500,O=C(Nc1cccc(F)c1)c1ccc(C(=O)NC2CCN(CC3CCCCC3)C2)cc1.O=C(O)C(F)(F)F
CHEMBL533729,CC(Nc1ccc2c(c1)OCCO2)C(=O)Nc1cc(C(F)(F)F)ccc1N1CCOCC1
CHEMBL587507,CCCN1CCN(Cc2ccc(C(=O)Nc3ccc(Cl)cc3)cc2)CC1.O=C(O)C(F)(F)F
CHEMBL531348,Cl.N#Cc1cccc(C(O)C2CN(CCC3CCCCC3)CCC2(O)c2ccccc2)c1
CHEMBL532005,COc1cc(CN2CCN(c3ccnc(N(C)C4CCN(C)CC4)n3)CC2)cc(Cl)c1O
CHEMBL533997,CC(C)CC(=O)N1CCNC[C@@H]1C(=O)NCc1ccc(Cl)c(Cl)c1.O=C(O)C(F)(F)F
CHEMBL532905,COc1ccc(Cc2cnc3nc(N)nc(N)c3c2C)cc1OC.O=S(=O)(O)CCO
CHEMBL533340,COc1cccc(CC(=O)NC2CCN(c3ccnc4cc(Cl)ccc34)C2)c1.O=C(O)C(F)(F)F
CHEMBL587710,CC12CCC(=O)N1C(C(=O)Nc1cccc(C(=O)Nc3cccc(C(F)(F)F)c3)c1)CS2
CHEMBL532043,COc1ccc(C(=O)Nc2cc(Br)c3c(c2)CNCC3)cc1Br.Cl
CHEMBL532486,CCC(C)CN1CCC(N(C)c2cc(NC(=O)c3ccc(F)cc3)ccn2)CC1.O=C(O)C(F)(F)F
CHEMBL586605,O=C(NCc1ccccc1)NC1CCN(c2ccnc3cc(Cl)ccc23)C1.O=C(O)C(F)(F)F
CHEMBL546232,Cc1ccc(NC(=O)c2cccc(N3CCN(c4ccncc4)CC3)c2)cc1F.O=C(O)C(F)(F)F
CHEMBL548177,O=C(Nc1cccc(OCCN2CCCC2)c1)Nc1ccc(Cl)c(Cl)c1.O=C(O)C(F)(F)F
CHEMBL548180,O=C(O)C(F)(F)F.O=S(=O)(NC1CCCCN(Cc2ccccc2O)C1)c1ccc(C(F)(F)F)cc1
CHEMBL581379,COc1ccc(NS(=O)(=O)c2ccccc2Br)cc1N1CCN(C)CC1.Cl
CHEMBL598984,O=C(Cc1ccc(F)cc1)NC1CCN(c2ccnc3cc(Cl)ccc23)C1.O=C(O)C(F)(F)F
CHEMBL548197,Br.CCC(CCON1C(N)=NC(N)=NC1(C)C)c1ccc(Cl)c(Cl)c1
CHEMBL549074,O=C(NC1CC1)c1cnc(N2CCC(OCc3ccccc3)CC2)c(Cl)c1.O=C(O)C(F)(F)F
CHEMBL548198,CCOc1ccc(C(=O)Nc2cc(Br)c3c(c2)CNCC3)cc1Br.Cl
CHEMBL548200,CCN(CCCN1CCCC1)c1cc(C)nc(Nc2ccc(Cl)cc2)n1.O=C(O)C(=O)O
CHEMBL548637,CCN(CCCN1CCCCC1)c1cc(C)nc(Nc2ccc(C)cc2)n1.O=C(O)C(F)(F)F
CHEMBL547992,O=C(COc1ccc(F)cc1)NC1CCN(c2ccnc3cc(Cl)ccc23)C1.O=C(O)C(F)(F)F
CHEMBL546685,O=C(NCc1ccc(F)cc1)c1ccc(N2CCN(c3ccncc3)CC2)cn1.O=C(O)C(F)(F)F
CHEMBL579754,CC(C(=O)Nc1ccc(Br)cc1Br)N1CCN(C(=O)c2ccco2)CC1
CHEMBL549101,O=C(COc1ccccc1)NC1CCN(c2ccnc3cc(Cl)ccc23)C1.O=C(O)C(F)(F)F
CHEMBL580737,O=C(NC1CCN(c2ccnc3cc(Cl)ccc23)C1)c1cccc(F)c1.O=C(O)C(F)(F)F
CHEMBL546488,O=C(NC1CC1)c1ccc(N2CCN(Cc3ccc(Cl)cc3)CC2)nc1.O=C(O)C(F)(F)F
CHEMBL549106,O=C(NC1CCCCN(Cc2ccccc2O)C1)c1ccc(Cl)c(Cl)c1.O=C(O)C(F)(F)F
CHEMBL548014,Cc1ccccc1C1CCN(c2ncc(C(=O)NC3CC3)cc2Cl)CC1.O=C(O)C(F)(F)F
CHEMBL579655,Cc1ccc(C(=O)Nc2ccc(C)c(OC3CCN(CCC(C)C)C3)c2)cc1.O=C(O)C(F)(F)F
CHEMBL581373,O=C(NC1CCN(Cc2ccc(O)cc2)CC1)c1ccc(Cl)c(Cl)c1.O=C(O)C(F)(F)F
CHEMBL545886,CCN1CCN(CC(O)CNC(=O)Nc2ccc(Cl)cc2)CC1.O=C(O)C(F)(F)F
CHEMBL546724,O=C(O)C(F)(F)F.c1ccc2c(c1)CN(CC1CC1)CC1(CCN(Cc3c[nH]c4cnccc34)CC1)O2
CHEMBL545890,COc1cc(NC2=NS(=O)(=O)c3cc(Cl)ccc3N2C)cc(OC)c1OC.O=C(O)C(F)(F)F
CHEMBL548015,O=C(NC1CCN(c2ccnc3cc(Cl)ccc23)C1)c1ccccc1F.O=C(O)C(F)(F)F
CHEMBL547169,O=C(NC1CCN(c2ccnc3ccccc23)C1)c1cccc(C(F)(F)F)c1.O=C(O)C(F)(F)F
CHEMBL581612,N=C1NC(c2ccccc2)(c2ccccc2)C(=O)N1CC=Cc1ccccc1.O=C(O)C(F)(F)F
CHEMBL547393,CN1CCN(c2ccc(Nc3nc(N)c4ccn(C5CCC5)c4n3)cc2)CC1.O=C(O)C(F)(F)F
CHEMBL581424,Cc1cc(N2CCN(CC3CCN(C)CC3)CC2)nc(Nc2ccc(Br)cc2)n1
CHEMBL548682,CCN(CCCN1CCCCC1)c1cc(C)nc(Nc2ccc(C)cc2C)n1.O=C(O)C(F)(F)F
CHEMBL545918,O=C(O)C(F)(F)F.c1cc(CNC2CCN(CC3CCCCC3)CC2)cc(-n2ccnc2)c1
CHEMBL548905,CC(=O)Nc1ccc(C(=O)N2CCN(c3ccnc4cc(Cl)ccc34)CC2)cc1.O=C(O)C(F)(F)F
CHEMBL547848,CCCC(C)NC(=O)[C@H]1CNCCN1C(=O)CCCc1ccccc1.O=C(O)C(F)(F)F
CHEMBL546998,Cc1cccc(C(=O)Nc2ccnc(N(C)C3CCN(CC(C)C)CC3)c2)c1.O=C(O)C(F)(F)F
CHEMBL546571,NC(Cc1cccc(I)c1)C(=O)NCC1CCCO1.O=C(O)C(F)(F)F
CHEMBL545944,CCC(C)CN1CCN(c2cc(NC(=O)c3cccs3)ccn2)C(C)C1.O=C(O)C(F)(F)F
CHEMBL582411,O=C(NC(=O)c1ccccc1)NC1CCN(c2ccnc3cc(Cl)ccc23)C1.O=C(O)C(F)(F)F
CHEMBL546798,O=C(NC1CCN(c2ccnc3cc(Cl)ccc23)C1)c1ccc(F)cc1F.O=C(O)C(F)(F)F
CHEMBL546179,O=C(NC1CCCCN(Cc2ccccc2O)C1)c1cccc(C(F)(F)F)c1.O=C(O)C(F)(F)F
CHEMBL547667,O=C(Nc1ccc2c(c1)CCC2)c1cccc(N2CCN(c3ccncc3)CC2)c1.O=C(O)C(F)(F)F
CHEMBL548524,O=C(Nc1cccc(CN2CCN(C(=O)c3ccccc3)CC2)c1)c1ccco1.O=C(O)C(F)(F)F
CHEMBL546603,O=C(NC1CC1)c1ccc(N2CCCCN2CCc2ccccc2)c(C(F)(F)F)c1.O=C(O)C(F)(F)F
CHEMBL546609,O=C(NC1CCCCN(Cc2ccccc2O)C1)c1cccc(Cl)c1.O=C(O)C(F)(F)F
CHEMBL548534,O=C(O)/C=C\C(=O)O.OCCN1CCN(C2Cc3ccc(F)cc3Sc3ccc(Cl)cc32)CC1
CHEMBL547905,Cc1sc(N2CCN(C)CC2)nc1C(=O)Nc1ccc(F)cc1C(F)(F)F.O=C(O)C(F)(F)F
CHEMBL581445,CC(C)CCN1CCCN(Cc2ccc(C(=O)Nc3ccc(F)c(F)c3)cc2)CC1.O=C(O)C(F)(F)F
CHEMBL579899,O=C(Nc1ccc(Cl)c(Cl)c1)Nc1ccc2c(c1)CCNCC2.O=C(O)C(F)(F)F
CHEMBL546857,Cc1ccc(NC(=O)NC2CCN(c3ccnc4ccccc34)CC2)cc1.O=C(O)C(F)(F)F
CHEMBL547720,CC1CC(C)CN(CC(O)CNC(=O)Nc2ccc(Br)cc2)C1.O=C(O)C(F)(F)F
CHEMBL580822,O=C(NC1CCCCN(Cc2ccccc2O)C1)c1cc(F)cc(F)c1.O=C(O)C(F)(F)F
CHEMBL548380,O=C(Nc1ccc2c(c1)CCC2)c1ccc(N2CCN(c3ccncc3)CC2)cn1.O=C(O)C(F)(F)F
CHEMBL547957,CN(C)c1ccc(-c2csc(C(=O)NC3CCN(CCC(C)(C)C)C3)c2)cc1.O=C(O)C(F)(F)F
CHEMBL580408,CC[C@H](C)CNC(=O)c1cncc(-c2cccc(CN(C)C3CCN(C)CC3)c2)c1.O=C(O)C(F)(F)F
CHEMBL548166,O=C(NC1CCN(c2ccnc3cc(Cl)ccc23)C1)c1ccc(F)cc1.O=C(O)C(F)(F)F
CHEMBL549044,COc1ccc(CN2CCC(NCc3cccc(C(F)(F)F)c3)CC2)cc1.O=C(O)C(F)(F)F
CHEMBL581240,CCN(Cc1ccccc1)C1CCN(Cc2cc(Br)ccc2O)CC1.O=C(O)C(=O)O
CHEMBL537728,COc1ccc(S(=O)(=O)N2CCC3(CC2)OCC(=O)NC3c2ccc(Cl)c(Cl)c2)cc1
CHEMBL535454,CCC(C)CN1CCC(N(C)c2cc(NC(=O)c3cccc(C)c3)ccn2)CC1.O=C(O)C(F)(F)F
CHEMBL580898,Cc1ccc(C[C@@H](C)NC[C@H](O)c2cccc(C(F)(F)F)c2)cc1.O=C(O)/C=C/C(=O)O
CHEMBL537541,O=C(NC1CCN(Cc2ccccc2O)C1)c1ccc(-c2ccccc2)cc1.O=C(O)C(F)(F)F
CHEMBL579824,CC(C)c1sc(N2CCN(C)CC2)nc1C(=O)NCCc1ccc(Br)cc1
CHEMBL535705,Clc1ccccc1CCNCC1CCN(CC2CCCCC2)CC1.O=C(O)C(F)(F)F
CHEMBL534381,CC(C)c1sc(N2CCN(C)CC2)nc1C(=O)Nc1cccc2c1CCCC2.O=C(O)C(F)(F)F
CHEMBL537095,Cc1sc(N2CCCCC2)nc1C(=O)Nc1ccc(F)cc1C(F)(F)F.O=C(O)C(F)(F)F
CHEMBL537765,Cc1ccc(CC(C)NCC(O)c2cccc(C(F)(F)F)c2)cc1.O=C(O)/C=C/C(=O)O
CHEMBL536883,O=C(Nc1ccc(F)cc1)c1cnc(N2CCN(c3ccncc3)CC2)c(Cl)c1.O=C(O)C(F)(F)F
CHEMBL536886,FC(F)(F)c1cccc(CNCC2CCN(Cc3ccc4c(c3)OCO4)CC2)c1.O=C(O)C(F)(F)F
CHEMBL536892,O=C(Nc1ccc2c(c1)CCC2)c1ccc(N2CCN(c3ccncc3)CC2)cc1.O=C(O)C(F)(F)F
CHEMBL537787,CC(C)CNC(=O)c1cncc(-c2ccc(CN(C)C3CCN(C)CC3)cc2)c1.O=C(O)C(F)(F)F
CHEMBL580272,O=C(NC1CCN(Cc2ccccc2O)C1)c1cccc(C(F)(F)F)c1.O=C(O)C(F)(F)F
CHEMBL586549,COc1cccc(CNC(=O)[C@H]2CNCCN2C(=O)CCCc2ccccc2)c1.O=C(O)C(F)(F)F
CHEMBL535540,O=C(Cc1cc(F)cc(F)c1)NC1CCN(c2ccnc3cc(Cl)ccc23)C1.O=C(O)C(F)(F)F
CHEMBL536667,Cc1cccc(NC(=O)c2ccc(C(=O)NC3CCN(CC4CCCCC4)C3)cc2)c1.O=C(O)C(F)(F)F
CHEMBL588639,CN(C)Cc1ccc(CNC2CCN(Cc3ccccc3Cl)CC2)cc1.O=C(O)C(F)(F)F
CHEMBL536671,Br.C[C@@H](COc1ccc(-c2ccccc2)cc1)CON1C(N)=NC(N)=NC1(C)C
CHEMBL588660,CCC(C)CN1CCN(c2ccc(NC(=O)c3cccs3)cc2)CC1C.O=C(O)C(F)(F)F
CHEMBL534652,CCc1sc(N2CCN(C)CC2)nc1C(=O)NCCc1ccc(Cl)c(Cl)c1.O=C(O)C(F)(F)F
CHEMBL580266,CCC(C)CN1CCN(c2ccc(NC(=O)c3cccs3)cc2)C(C)C1.O=C(O)C(F)(F)F
CHEMBL535329,COc1ccc(Cl)cc1-c1nc(C(=O)NCCN2CCCCC2)c(C)s1.O=C(O)C(F)(F)F
CHEMBL536003,COc1ccc(CC(=O)NC2CCN(c3ccnc4cc(Cl)ccc34)C2)cc1.O=C(O)C(F)(F)F
CHEMBL544672,CN1CCN(C2=Nc3ccccc3CC=C2c2ccc(Br)cc2)CC1.Cl.Cl
CHEMBL553381,Cl.Cl.OCCN1CCN(C2=Nc3ccc(Br)cc3CC=C2c2ccc(Cl)cc2)CC1
CHEMBL545370,Cl.Cl.OCCN1CCN(C2=Nc3ccccc3CC=C2c2cccc(Cl)c2)CC1
CHEMBL545605,Cl.Cl.OCCN1CCN(C2=Nc3cc(Cl)ccc3CC=C2c2ccccc2)CC1
CHEMBL555643,Cl.Cl.OCCN1CCN(C2=Nc3cc(Cl)ccc3CC=C2c2ccc(Cl)cc2)CC1
CHEMBL545606,Cl.Cl.OCCN1CCN(C2=Nc3ccccc3CC=C2c2ccc(Cl)cc2)CC1
CHEMBL542305,CCCc1ccc2c(c1)CC=C(c1ccccc1)C(N1CCN(CCO)CC1)=N2.Cl.Cl
CHEMBL554639,Cl.Cl.OCCN1CCN(C2=Nc3ccccc3CC=C2c2ccccc2Cl)CC1
CHEMBL553320,Cl.Cl.OCCN1CCN(C2=Nc3ccccc3CC=C2c2ccc(C(F)(F)F)cc2)CC1
CHEMBL545379,CO/N=C1/CCN(c2cc3c(cc2F)c(=O)c(C(=O)O)cn3C2CC2)CC1(C)CN.Cl
CHEMBL542319,CC1(C)OCC2(CO1)CN(c1cc3c(cc1F)c(=O)c(C(=O)O)cn3C1CC1)CC2(C)CN.Cl
CHEMBL542802,CCN1CCCC1CNC(=O)c1c(OC)c(Br)cc(Br)c1OC.Cl
CHEMBL543741,COc1ccccc1N1CCN(CCN2C(=O)CC3(CCCC3)CC2=O)CC1.Cl.Cl
CHEMBL553046,CNC(c1ccc(Cl)cc1Cl)C(NC)c1ccc(Cl)cc1Cl.Cl.Cl
CHEMBL554898,CNC(c1c(Cl)cccc1Cl)C(NC)c1c(Cl)cccc1Cl.Cl.Cl
CHEMBL545157,Cc1cccc(C(=O)Nc2cc(CN3CCCC3)c(O)c(CN3CCCC3)c2)c1.Cl.Cl
CHEMBL543517,Br.Br.CNCCN1c2ccccc2N2CCc3cc(Cl)cc(c32)C1C
CHEMBL542334,COc1cc2nc(N3CCC(C(=O)N4CCCCCCC4)CC3)nc(N)c2cc1OC.Cl
CHEMBL542819,COc1cc2nc(N3CCC(C(=O)N4C(C)CCCC4C)CC3)nc(N)c2cc1OC.Cl
CHEMBL553032,Br.CO[C@@]12CCC(=O)[C@@H]3Oc4c(OCc5ccccc5)ccc5c4[C@@]31CCN(C)C2C5
CHEMBL545199,Br.Br.Oc1cccc(CC(c2ccccc2)N2CCN(c3ccccc3)CC2)c1
CHEMBL545208,Br.COc1cccc2c1[C@]13CCN(CCc4ccccc4)C(C2)[C@]1(OC)CCC(=O)C3
CHEMBL543809,CC1c2cccc3cccc(c23)C1C(=O)N(C)[C@H]1CCC2(CCCO2)C[C@@H]1N1CCNC1.Cl
CHEMBL542879,CCN1C(=O)OC2(CCN(CC#CCOC(=O)Nc3cccc(Cl)c3)CC2)C1=O.Cl
CHEMBL553777,COc1c(N2CC[C@@](N)(C(F)(F)F)C2)c(F)cc2c(=O)c(C(=O)O)cn(C3CC3)c12.Cl
CHEMBL543379,COc1c(N2C[C@@H](C(F)(F)F)[C@@H](N)C2)c(F)cc2c(=O)c(C(=O)O)cn(C3CC3)c12.Cl
CHEMBL544321,CO[C@H]1CC(N(C)C(=O)Cc2cccc3sccc23)[C@@H](N2CCCC2)C[C@H]1OC.Cl
CHEMBL554426,Cl.O=C(Cc1ccc(Cl)c(Cl)c1)N1CCc2c(O)cccc2C1CN1CCCC1
CHEMBL542919,CCC(=O)Nc1ccc(C(=O)N2CCC(N(C)CCc3ccccc3)CC2)c(C)c1C.Cl
CHEMBL542921,CCC(=O)Nc1cc(C)c(C(=O)N2CCC(N(C)CCc3ccccc3)CC2)c(C)c1.Cl
CHEMBL545037,CCC(=O)Nc1ccc(C(=O)N2CCC(N(C)CCc3ccccc3)CC2)c(Cl)c1.Cl
CHEMBL544803,CC(C)c1cc(C(=O)N2CCC(N(C)CCc3ccccc3)CC2)cc2c1NC(=O)CC2.Cl
CHEMBL543872,Cl.OCCN1CCN(CCCN2c3cscc3Sc3ccc(C(F)(F)F)cc32)CC1
CHEMBL543161,Cl.OCCN1CCN(CCCN2c3cc(C(F)(F)F)ccc3Sc3ccsc32)CC1
CHEMBL543163,Cl.OCCN1CCN(CCCN2c3cc(C(F)(F)F)ccc3Sc3sccc32)CC1
CHEMBL544121,Br.CN1CCc2c(cc(O)c(O)c2Cl)C(c2cccc(C(F)(F)F)c2)C1
CHEMBL553071,Cc1c(Cl)cccc1S(=O)(=O)Nc1nc(CC(=O)N2CCN(C)CC2)cs1.Cl
CHEMBL554875,CN1CCN(Cc2ccc(S(=O)(=O)c3csc(S(N)(=O)=O)c3)cc2)CC1.Cl
CHEMBL543416,CC(C)[C@@H]1C(=O)N(S(C)(=O)=O)[C@@H]2CCN(C(=O)c3cnc(CNC4CC4)cn3)[C@H]21.Cl
CHEMBL555769,Cl.O=C(O)[C@H]1CN(CCOC(c2ccc(Cl)cc2)c2ccc(Cl)cc2)CC[C@H]1O
CHEMBL543905,CC(C)Oc1ccccc1N1CCN(Cc2ccc(C(=O)N3CCCCC3)n2C)CC1.Cl
CHEMBL554464,Cl.O=C(O)C1CCCN(CCOC2c3ccc(Cl)cc3CCc3cc(Cl)ccc32)C1
CHEMBL543198,Cl.O=C(O)[C@H]1CN(CCOC(c2ccc(Cl)cc2)c2ccc(Cl)cc2)CC[C@@H]1O
CHEMBL544389,COc1cc2c(cc1OC)C(=O)C(CN1CCN(Cc3ccccc3)CC1)C2.Cl.Cl
CHEMBL555379,COc1ccccc1N1CCN(CCNC(=O)C23CC4C[C@@H](C[C@H]2C4)C3)CC1.Cl.Cl
CHEMBL545327,Cl.Cl.O=C(NCCCN1CCN(c2ncccn2)CC1)C12C[C@H]3C[C@@H](C1)C[C@@H](C2)C3
CHEMBL553497,Cl.Cl.O=C(NCCN1CCN(c2cccc(Cl)c2)CC1)C12C[C@H]3C[C@@H](C1)C[C@@H](C2)C3
CHEMBL554204,COc1ccccc1N1CCN(CCC(=O)NC23C[C@H]4C[C@@H](C2)C[C@@H](C3)C4)CC1.Cl.Cl
CHEMBL552622,Cc1cccc(N2CCN(C[C@@H](C)NC(=O)C34C[C@H]5C[C@@H](C3)C[C@@H](C4)C5)CC2)c1C.Cl.Cl
CHEMBL542263,CC(C)(CN1CCN(Cc2ccccc2)CC1)NC(=O)C12C[C@H]3C[C@@H](C1)C[C@@H](C2)C3.Cl.Cl
CHEMBL542508,Cl.Cl.O=C(NCCCN1CCN(c2ncccn2)CC1)NC12C[C@H]3C[C@@H](C1)C[C@@H](C2)C3
CHEMBL542752,C[C@@]12C[C@@H]3C[C@@H](CC(CC(=O)NCCN4CCN(c5cccc(Cl)c5)CC4)(C3)C1)C2.Cl.Cl
CHEMBL543219,C[C@H](CN1CCN(Cc2ccccc2)CC1)NC(=O)C12C[C@H]3C[C@@H](C1)C[C@@H](C2)C3.Cl.Cl
CHEMBL543694,Cl.Cl.O=C(NCCN1CCN(Cc2ccccc2)CC1)C12C[C@H]3C[C@@H](C1)C[C@@H](C2)C3
CHEMBL543932,COc1ccccc1N1CCN(C[C@@H](C)NC(=O)C23C[C@H]4C[C@@H](C2)C[C@@H](C3)C4)CC1.Cl.Cl
CHEMBL555108,Cl.Cl.O=C(NC12C[C@H]3C[C@@H](C1)C[C@@H](C2)C3)OCCN1CCN(c2cccc(Cl)c2)CC1
CHEMBL553576,COc1ccc(C2Sc3c(ccc(Cl)c3Cl)N(CCN(C)C)C(=O)C2O)cc1.Cl
CHEMBL545346,CN(C(=O)C(c1ccccc1)C1CCCCC1)[C@H](CN1CC[C@H](O)C1)c1ccccc1.Cl
CHEMBL542030,COc1cc2c(cc1OC)S(C)(=O)=NC(N1CCN(c3ccccc3)CC1)=N2.Cl.Cl
CHEMBL542767,COc1cc2c(cc1OC)S(C)(=O)=NC(N1CCCN(C(=O)c3ccco3)CC1)=N2.Cl
CHEMBL543946,COc1cc2c(cc1OC)S(C)(=O)=NC(N1CCN(C(=O)c3ccco3)CC1)=N2.Cl
CHEMBL544180,COc1cccc2c1CC[C@H](N1CCCC1)[C@H]2N(C)C(=O)Cc1ccc2c(c1)OCO2.Cl
CHEMBL553968,COc1cc2c(cc1OC)S(C)(=O)=NC(N1CCN(Cc3ccccc3)CC1)=N2.Cl.Cl
CHEMBL552670,COc1ccc(C2Sc3cc(Cl)c(Cl)cc3N(CCN(C)C)C(=O)C2O)cc1.Cl
CHEMBL545122,Cc1cccc(NC(=O)N[C@@H]2N=C(N3CC4CCC(CC4)C3)c3ccccc3N(C)C2=O)c1.Cl
CHEMBL543241,CN(C(=O)Cc1ccc(Cl)c(Cl)c1)[C@H]1c2cc(O)ccc2CC[C@@H]1N1CCCC1.Cl
CHEMBL543712,Cc1cccc(NC(=O)N[C@@H]2N=C(N3CCCCCC3)c3ccccc3N(C)C2=O)c1.Cl
CHEMBL543951,CN(C(=O)Cc1ccc(Cl)c(Cl)c1)[C@H]1c2cccc(O)c2CC[C@@H]1N1CCCC1.Cl
CHEMBL554025,COc1cc2c(cc1OC)S(=O)(C(C)C)=NC(N1CCN(C(=O)c3ccco3)CC1)=N2.Cl
CHEMBL535347,CN(C(=O)Cc1ccc(Cl)c(Cl)c1)[C@@H]1Cc2ccccc2C[C@H]1N1CCCC1.Cl
CHEMBL536245,Cc1cccc(NC(=O)N[C@H]2N=C(N3CCCCCC3)c3ccccc3N(C)C2=O)c1.Cl
CHEMBL557984,COc1cc2c(cc1OC)S(C)(=O)=NC(N1CCC(C#N)(c3ccccc3)CC1)=N2.Cl
CHEMBL536246,COc1cc2c(cc1OC)S(C)(=O)=NC(N1CCC(O)(c3ccccc3)CC1)=N2.Cl
CHEMBL558977,COc1cc2c(c(OC)c1OC)S(C)(=O)=NC(N1CCN(C(=O)c3ccco3)CC1)=N2.Cl
CHEMBL536480,Cc1cccc(CCN2CCC(C(=O)c3ccc(NS(C)(=O)=O)cc3)CC2)n1.Cl.Cl
CHEMBL537187,CC(=O)c1ccc(NC(=O)CN2CCC(N3C(=O)OCc4cc(C)ccc43)CC2)cc1.Cl
CHEMBL557583,Cl.N#Cc1ccc(NC(=O)CN2CCC(N3C(=O)OCc4cc(Cl)ccc43)CC2)cc1
CHEMBL537191,CC(=O)c1ccc(NC(=O)CN2CCC(N3C(=O)OCc4cc(Cl)ccc43)CC2)cc1.Cl
CHEMBL535607,C[C@@H]1CN(Cc2ccc(F)cc2)CCN1C(=O)COc1ccc(Cl)cc1NC(N)=O.Cl
CHEMBL557360,CO[C@]12CC[C@@]3(C[C@@H]1[C@@](C)(O)C1CCC1)C1Cc4ccc(O)c5c4[C@@]3(CCN1C)[C@H]2O5.Cl
CHEMBL537871,Br.O=C1NCC(c2ccccc2)C12CCN(C1(c3ccccc3)CCCCC1)CC2
CHEMBL559362,Br.O=C(CC1NCCCC1O)Cn1cnc2cc(Br)c(Cl)cc2c1=O
CHEMBL537442,Cl.O=C(NCCN1CCCCC1)c1ccc2c(c1)C(=O)N(Cc1ccc(Cl)cc1)C2=O
CHEMBL535631,CC(C)N1CCC(Oc2ccc(N3CCN(C(=O)c4ccc(F)cc4)CC3=O)cc2)CC1.Cl
CHEMBL536309,Cl.O=C(NCCN1CCCCC1)c1ccc2c(c1)C(=O)N(Cc1ccccc1Cl)C2=O
CHEMBL558782,CCN1CCN(C2=Nc3ccccc3CC=C2c2ccc(C(F)(F)F)cc2)CC1.Cl.Cl
CHEMBL537482,CC(C)(N)C(=O)N[C@H](CCc1ccccc1)C(=O)N1CCC2(CCc3ccccc32)CC1.Cl
CHEMBL557798,Cl.Cl.OCCN1CCN(C2=Nc3ccccc3CC=C2c2ccc(Br)cc2)CC1
CHEMBL557597,CC(C)c1ccc2c(c1)CC=C(c1ccccc1)C(N1CCN(CCO)CC1)=N2.Cl.Cl
CHEMBL534330,CN1CCN(C2=Nc3ccccc3CC=C2c2ccc(C(F)(F)F)cc2)CC1.Cl.Cl
CHEMBL556181,CN1CCN(C2=Nc3ccc(Br)cc3CC=C2c2ccccc2)CC1.Cl.Cl
CHEMBL539741,CCN1CCN(C2=Nc3ccc(Br)cc3CC=C2c2ccccc2)CC1.Cl.Cl
CHEMBL540765,Cl.Cl.OCCN1CCN(C2=Nc3ccc(Cl)cc3CC=C2c2ccccc2)CC1
CHEMBL538218,Cc1cccc(N2CCN(C[C@H](C)NC(=O)C34C[C@H]5C[C@@H](C3)C[C@@H](C4)C5)CC2)c1C.Cl.Cl
CHEMBL541523,Br.Br.CNCCCN1c2ccccc2N2CCc3cc(Cl)cc(c32)C1C
CHEMBL538222,COc1ccc2c3c1O[C@H]1[C@@]4(OC)C=CC5(C[C@@H]4c4nnc(O)o4)C(C2)N(C)CC[C@]315.Cl
CHEMBL556591,CO/N=C1\CN(c2c(F)cc3c(=O)c(C(=O)O)cn(C4CC4)c3c2F)CC1(C)CN.Cl
CHEMBL540771,Cc1ccccc1C(=O)Nc1cc(CN2CCCC2)c(O)c(CN2CCCC2)c1.Cl.Cl
CHEMBL540772,Br.Br.CNCCCN1Cc2cccc3c2N(CC3)c2ccccc21
CHEMBL538728,Br.Br.CCCNCCN1c2ccccc2N2CCc3cccc(c32)C1C
CHEMBL540006,Br.Br.CNCCN1c2ccccc2N2CCc3cccc(c32)C1C
CHEMBL556414,CO[C@H]1C[C@H](N(C)C(=O)Cc2cccc3sccc23)[C@@H](N2CCCC2)C[C@H]1OC.Cl
CHEMBL555499,Cl.Cl.N[C@@H](Cc1c[nH]cn1)C(=O)Cc1ccc(Br)c(Br)c1
CHEMBL541826,Br.c1ccc(N2CCN(CCCCCNC3=Nc4ccccc4OC3)CC2)cc1
CHEMBL538513,Cl.O=C(Cc1ccc(Cl)c(Cl)c1)N1CCc2c(ccc(O)c2O)C1CN1CCCC1
CHEMBL538515,CCC(=O)Nc1cc(C)c(C(=O)N2CCC(N(C)CCc3ccccc3)CC2)cc1C.Cl
CHEMBL557820,COc1cc2c(cc1C(=O)N1CCC(N(C)CCc3ccccc3)CC1)CCC(=O)N2.Cl
CHEMBL540062,CNC(=O)C1CCCN(CCOC(c2ccc(Cl)cc2)c2ccc(Cl)cc2)C1.Cl
CHEMBL559014,CN1CCN(Cc2ccccc2S(=O)(=O)c2csc(S(N)(=O)=O)c2)CC1.Cl
CHEMBL539817,CC(C)CN(C)Cc1cc(S(=O)(=O)c2csc(S(N)(=O)=O)c2)ccc1O.Cl
CHEMBL539818,COc1ccccc1N1CCN(CCNC(=O)C23C[C@H]4C[C@@H](C2)C[C@@H](C3)C4)CC1.Cl.Cl
CHEMBL558411,COc1ccccc1N1CCN(CCCNC(=O)C23CC4C[C@@H](C[C@H]2C4)C3)CC1.Cl.Cl
CHEMBL539310,Cl.Ic1cccc(CNC2C3C4CC5C6C4C2C6C2(OCCO2)C53)c1
CHEMBL539570,CN(CCN1CCN(c2ncccn2)CC1)C(=O)C12C[C@H]3C[C@@H](C1)C[C@@H](C2)C3.Cl.Cl
CHEMBL541611,COc1cc2c(cc1OC)S(C)(=O)=NC(N1CCN(C(=O)c3ccccc3)CC1)=N2.Cl
CHEMBL539831,CN(C(=O)Cc1ccc(Cl)c(Cl)c1)[C@H]1c2ccc(O)cc2CC[C@@H]1N1CCCC1.Cl
CHEMBL540596,Cc1cccc(NC(=O)N[C@H]2N=C(N3CC4CCC(CC4)C3)c3ccccc3N(C)C2=O)c1.Cl
CHEMBL541874,COc1cc2c(cc1OC)S(C)(=O)=NC(N1CCC(C(O)c3ccccc3)CC1)=N2.Cl
CHEMBL552794,Cl.Ic1ccc(CNC2C3C4CC5C6C4C2C6C2(OCCO2)C53)cc1
CHEMBL539832,CN(C(=O)Cc1ccc(Cl)c(Cl)c1)[C@H]1c2cccc(CO)c2CC[C@@H]1N1CCCC1.Cl
CHEMBL540855,CCS1(=O)=NC(N2CCN(C(=O)c3ccco3)CC2)=Nc2cc(OC)c(OC)cc21.Cl
CHEMBL540350,CS(=O)(=O)Nc1ccc(C(=O)C2CCN(CCc3cccnc3)CC2)cc1.Cl.Cl
CHEMBL541115,C[C@@]12C[C@@H]3C[C@@H](CC(CC(=O)NCCN4CCN(c5ncccn5)CC4)(C3)C1)C2.Cl.Cl
CHEMBL556583,Cl.Cl.O=C(NCCCN1CCN(c2cccc(Cl)c2)CC1)C12C[C@H]3C[C@@H](C1)C[C@@H](C2)C3
CHEMBL540606,C[C@@H](CN1CCN(Cc2ccccc2)CC1)NC(=O)C12C[C@H]3C[C@@H](C1)C[C@@H](C2)C3.Cl.Cl
CHEMBL540864,Cl.Cl.Cl.O=C(CCN1CCN(c2ncccn2)CC1)NC12C[C@H]3C[C@@H](C1)C[C@@H](C2)C3
CHEMBL541367,CC(C)N(CCN1CCN(c2ncccn2)CC1)C(=O)C12C[C@H]3C[C@@H](C1)C[C@@H](C2)C3.Cl.Cl
CHEMBL553024,COc1ccccc1N1CCN(CCNC(=O)CC23C[C@H]4C[C@@H](C2)C[C@](C)(C4)C3)CC1.Cl.Cl
CHEMBL559011,Cl.N[C@@H](CC(=O)N1CCn2c(nnc2C(F)(F)C(F)(F)F)C1)Cc1cc(F)ccc1F
CHEMBL539854,CC(C)C[C@@H]1NC(=O)C2(CCN(Cc3ccccc3)CC2)N(Cc2ccccc2)C1=O.Cl
CHEMBL559007,I.O=C1NCC(c2ccccc2)C12CCN(C1(c3ccccc3)CCOCC1)CC2
CHEMBL556188,CC(C)C[C@H]1NC(=O)C2(CCN(Cc3ccccc3)CC2)N(Cc2ccccc2)C1=O.Cl
CHEMBL538584,Cl.O=C(NCCN1CCCCC1)c1ccc2c(c1)C(=O)N(Cc1cccc(Cl)c1)C2=O
CHEMBL539611,Cl.N[C@@H](CC(=O)N1CCCCCN1C(=O)c1ccccc1)Cc1cc(F)c(F)cc1F
CHEMBL556605,Cl.O=C(NN1CCOCC1)C1=NN(c2ccc(Cl)cc2Cl)C(c2ccc(Cl)cc2)C1
CHEMBL540633,Cl.O=C(c1ccccc1)N1CCN(c2ccc(OC3CCN(C4CCC4)CC3)cc2)C(=O)C1
CHEMBL552788,C[C@@H](c1ccc(C(=O)[n+]2ccc[nH]2)cc1)[C@H](N)C(=O)N1CC[C@H](F)C1.O=C([O-])C(F)(F)F
CHEMBL556600,CCC1NC(=O)OC12CC[N+](C)(CCc1c[nH]c3ccccc13)CC2.[I-]
CHEMBL563980,Cl.O=c1n(C[C@H](O)CO)c2ccccc2n1C1CCN(C[C@H]2[C@H]3CC[C@H](C3)C23CC3)CC1
CHEMBL562249,Cc1cnc(CN2CC(=O)N(CC(C)C)c3c(Cl)nc(N)nc32)c(C)c1Br
CHEMBL562062,CC1=CC2=NCC(C(=O)c3ccc(OCc4ccc(C#N)cc4)cc3)CN2C=C1.[O-][Cl+3]([O-])([O-])O
CHEMBL561269,Cc1cn(C[C@H]2CN(c3ccc(N4CCNCC4)c(F)c3)C(=O)O2)nn1.O=C(O)C(F)(F)F
CHEMBL563657,Cl.O=c1n(C(CO)CO)c2ccccc2n1C1CCN(C[C@H]2[C@H]3CC[C@H](C3)C23CC3)CC1
CHEMBL564165,Cc1nc(N)ccc1CNC(=O)CN1C(=O)[C@H](N)CSc2ccccc21.O=C(O)C(F)(F)F
CHEMBL560557,O=S(=O)(O)C(F)(F)F.On1cc/c(=N\c2cccc(CCc3ccccc3)c2)c(Cl)c1
CHEMBL562180,CN1CCC(N2CCN(C(=O)Cc3csc(NC(=O)c4ccc(Cl)s4)n3)CC2)CC1
CHEMBL562980,CN1CCC(N2CCN(C(=O)Cn3cnc(NC(=O)c4ccc(Cl)s4)n3)CC2)CC1
CHEMBL564840,Cl.O=c1n(C[C@@H](O)CO)c2ccccc2n1C1CCN(C[C@H]2[C@H]3CC[C@H](C3)C23CC3)CC1
CHEMBL564704,Cn1cc/c(=N\c2cccc(CCc3ccccc3)c2)c(N)c1.O=S(=O)(O)C(F)(F)F
CHEMBL550585,CN1CCC(N2CCN(C(=O)Cn3ccc(NC(=O)c4ccc(Cl)s4)n3)CC2)CC1
CHEMBL549982,CC(=O)N1CCC2=C(C1)S(=O)(=O)N=C(c1c(O)c3ccccc3n(CCC(C)C)c1=O)N2
CHEMBL550598,COc1ccc2c(c1)nc1n2C[C@H](N)[C@@H](c2cc(F)c(F)cc2F)C1.O=C(O)C(F)(F)F
CHEMBL551862,CN1CCC(N2CCN(C(=O)Cc3csc(NC(=O)c4ccc(Cl)cc4)n3)CC2)CC1
CHEMBL564397,C[C@@H]1CN(C(=O)c2ccc(CNS(=O)(=O)c3cccc(C(F)(F)F)c3)cc2)C[C@H](C)O1
CHEMBL555880,CCn1cc/c(=N\c2cccc(CCc3ccccc3)c2)c(N)c1.O=S(=O)(O)C(F)(F)F
CHEMBL551543,O=C(NC1CCN(Cc2ccn(-c3ccc(C(F)(F)F)cc3)c2)CC1)N1CCCC(CO)C1
CHEMBL563036,C[C@@H]1CN(c2ccc(F)cc2C(F)(F)F)CCN1S(=O)(=O)c1ccc(O)cc1Cl
CHEMBL558275,Cc1nc(N)ccc1CNC(=O)CN1C(=O)[C@@H](N)CSc2ccccc21.O=C(O)C(F)(F)F
CHEMBL565089,CC[N+](C)(CC)Cc1cc(/N=c2\ccn(C)c(C)c2)ccc1O.I.[I-]
CHEMBL557703,COc1c([C@]2(O)COc3c4c(cc(O)c3C2=O)OC(C)(C)CC4)ccc2c1CCC(C)(C)O2
CHEMBL558902,O=C(CN1CCN(Cc2ccccc2Br)CC1)Nc1ccc2c(c1)OCC(=O)N2
CHEMBL556284,CC1=CC2=NCC(C(=O)c3ccc(OCc4ccccc4)cc3)CN2C=C1.[O-][Cl+3]([O-])([O-])O
CHEMBL563419,COC(=O)c1c2ccoc3c-2c2c1C(=O)[C@]1(O)CC4(CC(C)=O)N(C[C@@H](CC3)[C@@]24C)C[C@H]1C
CHEMBL579072,CC1(C)Oc2c(CN3CCC4(CC3)CCN(C(=O)c3ccc(N)cn3)CC4)cccc2C1(F)F
CHEMBL567654,NC1=NC(c2ccc(OC(F)(F)F)cc2)(c2cccc(Br)c2)C2=NCCCN12
CHEMBL571935,CS(=O)(=O)c1ccc(C(=O)NCC2(C(F)(F)F)OC(=O)Nc3ccc(Cl)cc32)cc1
CHEMBL565761,CNC(=O)c1cnc(N2CCN(C3CCN(Cc4ccc(Cl)cc4)CC3)CC2)c(Cl)c1
CHEMBL569117,CNC(=O)c1cnc(N2CCN(C3CCN(Cc4ccc(Cl)cc4)[C@@H](C)C3)CC2)c(Cl)c1
CHEMBL572247,CC(C)(C)[C@H]1C(O)=C(C2=CS(=O)(=O)c3cc(F)ccc3N2)C(=O)N1Cc1ccc(F)cc1
CHEMBL570260,CC(C)(C)[C@H]1C(O)=C(C2=CS(=O)(=O)c3cc(C#N)ccc3N2)C(=O)N1Cc1ccc(F)cc1
CHEMBL578180,O=C(OC1([C@H]2COC[C@@H](C3CC3)N2S(=O)(=O)c2ccc(Cl)cc2)CC1)N1CC[C@H](O)C1
CHEMBL584107,Cc1ccc(S(=O)(=O)O)cc1.NC1CCN(C(=O)C[C@H]2CC[C@]3(CC2)OO[C@]2(O3)C3CC4CC(C3)CC2C4)CC1
CHEMBL568805,Cc1ccc(S(=O)(=O)O)cc1.NCCNC(=O)C[C@H]1CC[C@]2(CC1)OO[C@]1(O2)C2CC3CC(C2)CC1C3
CHEMBL584110,CC(C)(N)CNC(=O)[C@H]1CC[C@]2(CC1)OO[C@]1(O2)C2CC3CC(C2)CC1C3.Cc1ccc(S(=O)(=O)O)cc1
CHEMBL568863,Cc1ccc(S(=O)(=O)O)cc1.NC1(CNC(=O)C[C@H]2CC[C@]3(CC2)OO[C@]2(O3)C3CC4CC(C3)CC2C4)CC1
CHEMBL570680,CC(C)(N)CNC(=O)C[C@H]1CC[C@]2(CC1)OO[C@]1(O2)C2CC3CC(C2)CC1C3.Cc1ccc(S(=O)(=O)O)cc1
CHEMBL571321,Cc1ccc(S(=O)(=O)O)cc1.O=C(C[C@H]1CC[C@]2(CC1)OO[C@]1(O2)C2CC3CC(C2)CC1C3)N1CCNCC1
CHEMBL570888,CC(C)(N)CNC(=O)[C@H]1CC[C@@]2(CC1)OO[C@@]1(O2)C2CC3CC(C2)CC1C3.Cc1ccc(S(=O)(=O)O)cc1
CHEMBL572001,CC(C)(N)CNC(=O)C[C@H]1CC[C@@]2(CC1)OO[C@@]1(O2)C2CC3CC(C2)CC1C3.Cc1ccc(S(=O)(=O)O)cc1
CHEMBL569089,C[N+]1(C)CCC[C@H]1c1ccc([C@@](O)(c2ccccc2)C2CCCCC2)o1.[I-]
CHEMBL569760,C[N+]1(C)CCCC1c1ccc(C(O)(c2ccccc2)C2CCCCC2)o1.[I-]
CHEMBL569307,C[N+]1(C)CCC[C@@H]1c1ccc([C@](O)(c2ccccc2)C2CCCCC2)o1.[I-]
CHEMBL568870,C[N+]1(C)CCC[C@H]1c1ccc([C@](O)(c2ccccc2)C2CCCCC2)o1.[I-]
CHEMBL568775,C[N+]1(C)CCC[C@@H]1c1ccc([C@@](O)(c2ccccc2)C2CCCCC2)o1.[I-]
CHEMBL569729,C[N+]1(C)CCCC1c1ccc(C(O)(c2ccccc2)c2ccccc2)o1.[I-]
CHEMBL584308,O=C(NCCC1CC1)c1csc(N2CCN(C(=O)c3ccccc3C(F)(F)F)CC2)n1
CHEMBL583251,O=C(NCCC1CC1)c1cnc(N2CCN(C(=O)c3ccccc3C(F)(F)F)CC2)s1
CHEMBL598059,CCN(CC)CCCNCC(=O)N1c2ccccc2Sc2ccccc21.O=CO.O=CO
CHEMBL583598,Cc1ccc(CNC(=O)C2CNCC2c2ccc(C(F)(F)F)cc2)cc1.O=C(O)C(F)(F)F
CHEMBL599097,O=C(O)/C=C/C(=O)O.O=C(O)/C=C/C(=O)O.c1ccc(CCNC2CCN(Cc3ccccc3)CC2)cc1
CHEMBL606449,CC(=O)N(C1=C(N2CCOCC2)C(=O)c2ccccc2C1=O)c1ccc(Br)cc1
CHEMBL598698,Cn1nccc1C(OCC(=O)N1CCOCC1)c1ccc(F)cc1.O=C(O)C(F)(F)F.O=C(O)C(F)(F)F
CHEMBL585481,COc1cc2c(cc1OC)C1Cc3ccc(OC)c(OC)c3CN1CC2.O=S(=O)(O)O
CHEMBL598483,CCN(CC)CCN1C(=O)c2ccccc2NC1c1ccc(Cl)cc1.O=C(O)C(F)(F)F
CHEMBL585471,O=C(NCc1ccc2c(c1)OCO2)C1CNCC1c1ccc(C(F)(F)F)cc1.O=C(O)C(F)(F)F
CHEMBL604719,O=C(O)C(F)(F)F.O=C(O)c1ccc2c(c1)N=C(c1ccccc1)N(Cc1cccnc1)C2
CHEMBL585464,COc1ccc(CCNC2(Cc3ccccc3)CC(C)N(C)CC2C)cc1OC.Cl.Cl
CHEMBL586030,CC[n+]1c(C=C2Sc3ccccc3N2CCO)sc2ccccc21.[I-]
CHEMBL583154,NC(Cc1ccccc1)C(=O)N1CCC(Nc2nsc3ccccc23)C1.O=C(O)C(F)(F)F
CHEMBL602435,COc1ccc(CNC(=O)C2CNCC2c2ccc(C(F)(F)F)cc2)cc1.O=C(O)C(F)(F)F
CHEMBL585456,COc1cccc(CNC(=O)[C@@H]2CNC[C@H]2c2ccc(C(F)(F)F)cc2)c1.O=C(O)C(O)C(O)C(=O)O
CHEMBL586455,O=C(COC(c1ccccc1)c1c(Cl)cncc1Cl)N1CCNCC1.O=C(O)C(F)(F)F
CHEMBL577382,COc1ccccc1CN1CCC(S(=O)(=O)c2ccccc2)CC1.O=C(O)C(F)(F)F
CHEMBL600940,O=C(NC1CC1)C1CCN(S(=O)(=O)c2ccc(Cl)cc2)CC1.O=C(O)C(F)(F)F
CHEMBL578492,O=C(O)C(F)(F)F.O=C(c1ccc2c(c1)OCO2)N1CCOC(c2ccc(Cl)cc2)C1
CHEMBL600298,CCCCN1C(=Cc2cccc[n+]2C)Sc2cc(NC(C)=O)ccc21.[I-]
CHEMBL578494,CC(C)CN(CC(=O)N1CCC(Nc2nsc3ccccc23)C1)S(C)(=O)=O.O=C(O)C(F)(F)F
CHEMBL602015,COc1ccccc1CN1CCc2nc(-c3cnccn3)sc2C1.O=C(O)C(F)(F)F
CHEMBL579958,O=C(NCc1ccc(Cl)cc1)C1CNCC1c1ccc(C(F)(F)F)cc1.O=C(O)C(F)(F)F
CHEMBL581892,COc1cccc(CNC(=O)C2CNCC2c2ccc(C(F)(F)F)cc2)c1.O=C(O)C(F)(F)F
CHEMBL591395,O=C(O)C(=O)O.Oc1ccc(Br)cc1CN1CCN(Cc2cccc(F)c2)CC1
CHEMBL590440,O=C1C(Nc2ccc(I)cc2)=C(N2CCOCC2)C(=O)c2ccccc21
CHEMBL589200,COc1ccc(C2CC(=O)C3=C(C2)NC(=O)CC3c2ccc(Br)cc2)cc1OC
CHEMBL591384,O=C(O)C(=O)O.Oc1ccc(Br)cc1CN1CCN(Cc2ccccc2F)CC1
CHEMBL601285,COc1ccc(OCC(O)Cn2c(C)[n+](C)c3ccccc32)cc1.[I-]
CHEMBL591621,Cc1ccc2c(c1)N(CCO)/C(=C/c1sc3ccccc3[n+]1C)S2.[I-]
CHEMBL590639,CN1CCN(c2ccc(NC(=O)c3cccc(I)c3)cc2Cl)CC1
CHEMBL591870,COc1ccc(C2(O)C[N+](c3ccc(C)cc3)=C3SCCCN32)c(F)c1.[Br-]
CHEMBL604868,Cc1n(CC(O)COc2cccc(Cl)c2)c2ccccc2[n+]1C.[I-]
CHEMBL589219,COc1ccc(CN2CCN(Cc3cc(Br)ccc3O)CC2)cc1OC.O=C(O)C(=O)O
CHEMBL591419,Cc1ccc2c(c1)N(C)/C(=C/c1sc3ccccc3[n+]1CCO)S2.[I-]
CHEMBL590218,Cc1ccc2c(c1)S/C(=C\c1sc3ccccc3[n+]1C)N2CCO.[I-]
CHEMBL592355,O=C(O)C(=O)O.Oc1ccc(Br)cc1CN1CCN(Cc2ccccc2C(F)(F)F)CC1
CHEMBL605078,C[C@H](O)C(=O)N1CC[C@H](N(Cc2ccccc2C(F)(F)F)c2ccc(C#N)c(Cl)c2)C1
CHEMBL590593,C[C@H](O)C(=O)N1CC[C@H](N(Cc2cc(Cl)ccc2Cl)c2ccc(C#N)c(Cl)c2)C1
CHEMBL590589,Cc1ccc(S(=O)(=O)O)cc1.NCCC(=O)NC[C@H]1CC[C@]2(CC1)OO[C@]1(O2)C2CC3CC(C2)CC1C3
CHEMBL592498,Cc1ccc(S(=O)(=O)O)cc1.O=C(CNC1CC1)NC[C@H]1CC[C@]2(CC1)OO[C@]1(O2)C2CC3CC(C2)CC1C3
CHEMBL592013,CS(=O)(=O)O.O=C(NC[C@H]1CC[C@]2(CC1)OO[C@]1(O2)C2CC3CC(C2)CC1C3)c1c[nH]cn1
CHEMBL606025,O=C(NCc1ccc(Cl)cc1Cl)N1CCC(NS(=O)(=O)c2ccc(F)cc2)CC1
CHEMBL589860,CS(=O)(=O)c1ccccc1OC1CCN(C(=O)NCc2ccc(Cl)cc2Cl)CC1
CHEMBL592741,CS(=O)(=O)c1cccc(OC2CCN(C(=O)NCc3ccc(Cl)cc3Cl)CC2)c1
CHEMBL592742,CS(=O)(=O)c1ccc(OC2CCN(C(=O)NCc3ccc(Cl)cc3Cl)CC2)cc1
CHEMBL595576,CC1(C)CN=C2C(=O)c3cc(S(=O)(=O)N4CCC[C@H]4CNC4CCCCC4)ccc3N2C1
CHEMBL595809,CC1(C)CN=C2C(=O)c3cc(NS(=O)(=O)c4ccc(OC(F)(F)F)cc4)ccc3N2C1
CHEMBL594417,CS(=O)(=O)Nc1ccc(OCC(=O)N2CCN(c3ccc(Cl)c(Cl)c3)CC2)cc1
CHEMBL593969,CS(=O)(=O)Nc1ccc(CCC(=O)N2CCN(c3ccc(Cl)c(Cl)c3)CC2)cc1
CHEMBL591588,Cc1c(Cc2ccc(F)c(C(=O)N3CCN(C(=O)C4(C)CCCCN4)CC3)c2)n[nH]c(=O)c1C
CHEMBL605575,Cc1c(Cc2ccc(F)c(C(=O)N3CCN(C(=O)C(C)(C)N(C)C)CC3)c2)n[nH]c(=O)c1C
CHEMBL591528,Cc1c(Cc2ccc(F)c(C(=O)N3CCN(C(=O)C4(N(C)C)CC4)CC3)c2)n[nH]c(=O)c1C
CHEMBL605552,Cc1c(Cc2ccc(F)c(C(=O)N3CCN(C(=O)C4(C)CCCN4)CC3)c2)n[nH]c(=O)c1C
CHEMBL597926,Cc1c(Cc2ccc(F)c(C(=O)N3CCN(C(=O)[C@]4(C)CCCN4)CC3)c2)n[nH]c(=O)c1C
CHEMBL597927,Cc1c(Cc2ccc(F)c(C(=O)N3CCN(C(=O)[C@@]4(C)CCCN4)CC3)c2)n[nH]c(=O)c1C
CHEMBL598138,Cc1c(Cc2ccc(F)c(C(=O)N3CCN(C(=O)C4(C)CCCO4)CC3)c2)n[nH]c(=O)c1C
CHEMBL596606,CN(C)Cc1ccccc1CNc1ccnc2cc(Cl)ccc12.O=C(O)CC(O)(CC(=O)O)C(=O)O
CHEMBL599533,CN(CC1CC1)C1Cc2ccc(O)c3c2[C@@]2(CCn4ccnn4)[C@@H](O3)C(=O)CC[C@@]12O.Cl
CHEMBL602875,COc1cc2c(c(N3CCN(C)CC3)c1)O[C@@H](C(=O)Nc1ccc(N3CCOCC3)cc1)CC2
CHEMBL603101,O=C(Nc1ccc(Cl)cc1)O[C@H]1CO[C@H]2[C@@H]1OC[C@H]2OC(=O)Nc1ccc(Cl)cc1
CHEMBL611073,O=C(NCCS(=O)(=O)c1ccc(C(F)(F)F)cn1)c1ccc(Cl)c(Br)c1
CHEMBL611134,CO[C@]12CC[C@@]3(C[C@@H]1[C@@](C)(O)C1CC1)[C@H]1Cc4ccc(O)c5c4[C@@]3(CCN1CC1CC1)[C@H]2O5
CHEMBL607483,CN1CC[C@]23c4c5ccc(O)c4O[C@H]2C(=O)CC[C@@]3(OCc2c(Cl)cccc2Cl)[C@H]1C5
CHEMBL607017,COc1ccc2c3c1O[C@H]1C(=O)CC[C@@]4(NC(=O)/C=C/c5ccccc5C)[C@@H](C2)N(C)CC[C@]314
CHEMBL607127,COc1ccc2c3c1O[C@H]1C(=O)CC[C@@]4(NC(=O)/C=C/c5ccc(C)cc5)[C@@H](C2)N(C)CC[C@]314
CHEMBL1080637,O=C(Nc1cccc(Cl)c1)c1cc(C(F)(F)F)nc(N2CCC(N3CCCC3)CC2)n1
CHEMBL1081192,CNC(=O)CN1Cc2ccccc2N(C2CCN(C3CCC(C(C)C)CC3)CC2)S1(=O)=O
CHEMBL1079400,CNC(=O)CN1Cc2ccccc2N(C2CCN(C3CCCCCCCCC3)CC2)S1(=O)=O
CHEMBL1079571,CNC(=O)CN1c2ccccc2N(C2CCN(C3CCCCCCCCC3)CC2)S1(=O)=O
CHEMBL1079943,CNC(=O)CN1Cc2ccccc2N(C2CCN(C3CCC4CCCCC4C3)CC2)S1(=O)=O
CHEMBL1080483,CNC(=O)CN1c2ccccc2N(C2CCN(C3CCC4CCCCC4C3)CC2)S1(=O)=O
CHEMBL1078535,Cc1ccc2c(c1)CCCN2C(=O)SCC(=O)Nc1ccc(S(N)(=O)=O)cc1Cl
CHEMBL1078147,Cc1cccc2c1N(C(=O)SCC(=O)Nc1ccc(S(N)(=O)=O)cc1Cl)CCC2
CHEMBL1078260,Cc1cc(C)c(N(C)C(=O)SCC(=O)Nc2ccc(S(N)(=O)=O)cc2Cl)c(C)c1
CHEMBL1078232,O=C(CCC1(c2ccccc2)CCCN(C(=O)Nc2ccc(Cl)cc2)C1)N1CCOCC1
CHEMBL1078817,C[N+](C)(C)CCN[N+]1(C)CCCc2ccccc21.[I-].[I-]
CHEMBL1090036,O=C1NCCCC[C@H]1N(Cc1ccc(Br)cc1)S(=O)(=O)c1ccc(Cl)cc1
CHEMBL1093049,O=S(=O)(NC1CCN(S(=O)(=O)c2c(F)cccc2F)CC1)c1ccc2c(c1)OCCO2
CHEMBL1092121,O=S(=O)(NC1CCN(S(=O)(=O)c2ccc3c(c2)OCCO3)CC1)c1c(F)cccc1F
CHEMBL1092471,O=S(=O)(NC1CCN(S(=O)(=O)c2c(F)cccc2F)C1)c1ccc2c(c1)OCCO2
CHEMBL1092472,O=S(=O)(NC1CCN(S(=O)(=O)c2ccc3c(c2)OCCO3)C1)c1c(F)cccc1F
CHEMBL1092892,CCc1cc2c(cc1OS(N)(=O)=O)CC[C@@H]1[C@@H]2CC[C@]2(C)[C@@H](CS(C)(=O)=O)CC[C@@H]12
CHEMBL1091582,CCc1cc2c(cc1OS(N)(=O)=O)CC[C@@H]1[C@@H]2CC[C@]2(C)[C@@H](NS(C)(=O)=O)CC[C@@H]12
CHEMBL1092642,CNC(=O)Nc1ccc(-c2nc(N3CC4CCC(C3)O4)nc(N3CC4CCC(C3)O4)n2)cc1
CHEMBL1089631,CC(=O)NC1CCC2(S(=O)(=O)c3ccc(Cl)cc3)c3c(F)ccc(F)c3OCC2C1
CHEMBL1089796,CCCN1C[C@H](C(=O)N2C[C@@H](C)[C@](O)(c3ccccc3)[C@@H](C)C2)[C@@H](c2ccc(F)cc2F)C1
CHEMBL1089797,C[C@@H]1CN(C(=O)[C@H]2CN(C3CC3)C[C@@H]2c2ccc(F)cc2F)C[C@H](C)[C@@]1(O)c1ccccc1
CHEMBL1092219,C[C@@H]1CN(C(=O)[C@H]2CN(CC3CC3)C[C@@H]2c2ccc(F)cc2F)C[C@H](C)[C@@]1(O)c1ccccc1
CHEMBL1092571,C[C@@H]1CN(C(=O)[C@H]2CN(C3CCC3)C[C@@H]2c2ccc(F)cc2F)C[C@H](C)[C@@]1(O)c1ccccc1
CHEMBL1089462,CCC[C@@]1(O)[C@H](C)CN(C(=O)[C@H]2CN(c3cccnn3)C[C@@H]2c2ccc(F)cc2F)C[C@@H]1C
CHEMBL1089134,CC(C)[C@@]1(O)[C@H](C)CN(C(=O)[C@H]2CN(c3cccnn3)C[C@@H]2c2ccc(F)cc2F)C[C@@H]1C
CHEMBL1089135,C[C@@H]1CN(C(=O)[C@H]2CN(c3cccnn3)C[C@@H]2c2ccc(F)cc2F)C[C@H](C)[C@@]1(O)C1CC1
CHEMBL1090486,C[C@@H]1CN(C(=O)[C@@H]2CN(C(C)(C)C)C[C@H]2c2ccc(F)cc2F)C[C@H](C)[C@@]1(O)c1cccnc1
CHEMBL1089830,C[C@@H]1CN(C(=O)[C@@H]2CN(C(C)(C)C)C[C@H]2c2ccc(F)cc2F)C[C@H](C)[C@@]1(O)c1ccccn1
CHEMBL1089831,C[C@@H]1CN(C(=O)[C@@H]2CN(C(C)(C)C)C[C@H]2c2ccc(F)cc2F)C[C@H](C)[C@@]1(O)c1cncnc1
CHEMBL1093857,C[C@@H]1CN(C(=O)[C@@H]2CN(C)C[C@H]2c2ccc(F)cc2F)C[C@H](C)[C@@]1(O)c1ccc(Cl)cc1
CHEMBL1093889,CCN1C[C@@H](C(=O)N2C[C@@H](C)[C@](O)(c3ccc(F)cc3)[C@@H](C)C2)[C@H](c2ccc(F)cc2F)C1
CHEMBL1090885,CCN1C[C@@H](C(=O)N2C[C@@H](C)[C@](O)(c3cccc(F)c3)[C@@H](C)C2)[C@H](c2ccc(F)cc2F)C1
CHEMBL1091631,CC(C)N1C[C@@H](C(=O)N2C[C@@H](C)[C@](O)(c3ccccc3)[C@@H](C)C2)[C@H](c2ccc(F)cc2F)C1
CHEMBL1091633,CC(C)N1C[C@@H](C(=O)N2C[C@@H](C)[C@](O)(c3ccc(F)cc3)[C@@H](C)C2)[C@H](c2ccc(F)cc2F)C1
CHEMBL1089891,CC(C)N1C[C@@H](C(=O)N2C[C@@H](C)[C@](O)(c3cccc(F)c3)[C@@H](C)C2)[C@H](c2ccc(F)cc2F)C1
CHEMBL1096791,O=C([C@H](O)CS(=O)(=O)c1ccc2cc(Cl)ccc2c1)N1CCC(N2CCCCC2=O)CC1
CHEMBL1095365,O=C(CCS(=O)(=O)c1ccc2cc(Cl)ccc2c1)N1CCC(N2CCCNC2=O)CC1
CHEMBL1088000,O=C1CCc2ccc(CC3CC4CCC(C3)N4C[C@@H]3COc4c(ccc5c4CC(=O)N5)O3)cc2N1
CHEMBL1087817,O=C1CCc2ccc(CC3C4CCC3CN(C[C@@H]3COc5c(ccc6c5CC(=O)N6)O3)C4)cc2N1
CHEMBL1088497,O=C([C@H](O)CS(=O)(=O)c1ccc2cc(Cl)ccc2c1)N1CCC(N2CCOC2=O)CC1
CHEMBL1088501,O=C([C@H](O)CS(=O)(=O)c1ccc2cc(Cl)ccc2c1)N1CCC(N2CCCC2=O)CC1
CHEMBL1082751,F[P-](F)(F)(F)(F)F.F[P-](F)(F)(F)(F)F.NCCC[n+]1ccc(-c2cc[n+](CCCN)cc2)cc1
CHEMBL1082746,CNC(=O)Oc1ccc(-c2cn3c(NC(C)=O)cccc3[n+]2C)cc1.[I-]
CHEMBL1083373,CNC(=O)Oc1cccc(-c2cn3c(NC(C)=O)cccc3[n+]2C)c1.[I-]
CHEMBL1083481,O=S(=O)(c1cccc(F)c1)c1ccc2c(c1)CCC[C@H]2CNS(=O)(=O)C(F)(F)F
CHEMBL1082449,O=C1c2[nH]ncc2C(C2CC2)N(S(=O)(=O)c2ccc(C(F)(F)F)nc2)C1C1CCOCC1
CHEMBL1160131,CC(C(=O)OC1CC2CCC(C1)N2C)c1ccc(Br)cc1.O=C(O)/C=C\C(=O)O
CHEMBL1160134,CC(C(=O)OC1CC2CCC(C1)N2C)c1ccc(Cl)c(Cl)c1.O=C(O)/C=C\C(=O)O
CHEMBL1160138,CN1C2CCC1CC(OC(=O)Cc1ccc(Br)cc1)C2.O=C(O)/C=C\C(=O)O
CHEMBL1160149,CC(C(=O)OC1CC2CCC(C1)N2C)c1ccc(C(F)(F)F)cc1.O=C(O)/C=C\C(=O)O
CHEMBL1160150,CCC(C(=O)OC1CC2CCC(C1)N2C)c1ccc(Br)cc1.O=C(O)/C=C\C(=O)O
CHEMBL1160154,CC(C(=O)OC1CC2CCC(C1)N2)c1ccc(Br)cc1.O=C(O)/C=C\C(=O)O
CHEMBL1160155,CCN1C2CCC1CC(OC(=O)C(C)c1ccc(Br)cc1)C2.O=C(O)C(=O)O
CHEMBL1160158,CCN1C2CCC1CC(OC(=O)C(CO)c1ccccc1)C2.O=C(O)C(O)C(O)C(=O)O
CHEMBL1160952,CN(C)CCCN1C(=O)Nc2ccc(Cl)cc2C1c1ccccc1.O=C(O)CC(O)(CC(=O)O)C(=O)O
CHEMBL1161043,COc1ccccc1N1CCN(Cc2ccc(CN3CCCCCCC3=O)o2)CC1.O=C(O)CCC(=O)O
CHEMBL1161044,COc1ccccc1N1CCN(Cc2ccc(CN(C(C)=O)C(C)C)n2C)CC1.O=C(O)CCC(=O)O
CHEMBL1161047,COc1ccccc1N1CCN(Cc2ccc(CNC(C)=O)n2C)CC1.O=C(O)CCC(=O)O
CHEMBL1161048,CNC(=O)c1ccc(CN2CCN(c3ccccc3OC(C)C)CC2)n1C.O=C(O)CCC(=O)O
CHEMBL1161049,CC(C)NC(=O)c1ccc(CN2CCN(c3ccccc3OC(C)C)CC2)n1C.O=C(O)CCC(=O)O
CHEMBL1161050,CNC(=O)c1ccc(CN2CCN(c3ccccc3OC)CC2)n1C.O=C(O)CCC(=O)O
CHEMBL1161058,CC(C)Oc1ccccc1N1CCN(Cc2cccc(CN)c2)CC1.O=C(O)CCC(=O)O
CHEMBL1161066,COc1ccccc1N1CCN(Cc2ccc(CN(C)C(C)=O)n2C)CC1.O=C(O)CCC(=O)O
CHEMBL1161070,COc1ccccc1N1CCN(Cc2ccc(CN3CCCCC3=O)o2)CC1.O=C(O)CCC(=O)O
CHEMBL1161087,CC(=O)N(C)Cc1cccc(CN2CCN(c3ccccc3OC(C)C)CC2)c1.O=C(O)CCC(=O)O
CHEMBL1161088,CC(C)Oc1ccccc1N1CCN(Cc2cccc(CNS(C)(=O)=O)c2)CC1.O=C(O)CCC(=O)O
CHEMBL1161094,CC(=O)N(C)Cc1ccc(CN2CCN(c3ccccc3OC(C)C)CC2)n1C.O=C(O)CCC(=O)O
CHEMBL1161095,COc1ccccc1N1CCN(Cc2ccc(CN3CCCCCC3=O)o2)CC1.O=C(O)CCC(=O)O
CHEMBL1161096,CC(=O)NCc1cccc(CN2CCN(c3ccccc3OC(C)C)CC2)c1.O=C(O)CCC(=O)O
CHEMBL1161120,Cc1ccccc1N1CCN(Cc2ccc(C(O)c3ccccc3)cc2)CC1.O=C(O)CCC(=O)O
CHEMBL1161590,CC(Oc1ccc(Cl)c2ccccc12)C(=O)OC1CC2CCC(C1)N2C.O=C(O)/C=C\C(=O)O
CHEMBL1161592,CC(Oc1ccc(Cl)c(Cl)c1)C(=O)OC1CN2CCC1CC2.O=C(O)/C=C\C(=O)O
CHEMBL1161594,CC(Oc1ccc(Cl)c(Cl)c1)C(=O)OC1CC2CCC(C1)N2C.O=C(O)/C=C\C(=O)O
CHEMBL1161597,CCC(Oc1cccc2ccccc12)C(=O)OC1CC2CCC(C1)N2C.O=C(O)/C=C\C(=O)O
CHEMBL1161598,CC(C(=O)OC1CC2CCC(C1)N2C)N(C)c1ccc(Cl)cc1.O=C(O)/C=C\C(=O)O
CHEMBL1161603,CCC(Oc1ccc(Cl)cc1)C(=O)OC1CC2CCC(C1)N2C.O=C(O)/C=C\C(=O)O
CHEMBL1161604,CC(Oc1ccc(-c2ccccc2)cc1)C(=O)OC1CC2CCC(C1)N2C.O=C(O)/C=C\C(=O)O
CHEMBL1161606,CC(Oc1ccc(C(C)(C)C)cc1)C(=O)OC1CC2CCC(C1)N2C.O=C(O)/C=C\C(=O)O
CHEMBL1161609,CCN1C2CCC1CC(OC(=O)C(C)Oc1ccc(Cl)cc1)C2.O=C(O)/C=C\C(=O)O
CHEMBL1161610,CC(C)C(Oc1ccc(Cl)cc1)C(=O)OC1CC2CCC(C1)N2C.O=C(O)/C=C\C(=O)O
CHEMBL1161611,CC(Oc1cccc2ccccc12)C(=O)OC1CC2CCC(C1)N2C.O=C(O)/C=C\C(=O)O
CHEMBL1161615,CCC(C(=O)OC1CC2CCC(C1)N2C)N(C)c1ccc(Cl)cc1.O=C(O)/C=C\C(=O)O
CHEMBL1161617,CCC(Oc1ccc2ccccc2c1)C(=O)OC1CC2CCC(C1)N2C.O=C(O)/C=C\C(=O)O
CHEMBL1161619,CC(Oc1ccc2ccccc2c1)C(=O)OC1CC2CCC(C1)N2C.O=C(O)/C=C\C(=O)O
CHEMBL1161726,Nc1ccc(C(=O)NS(=O)(=O)c2ccc(Cl)cc2)c(Cl)c1.O=C(O)C(F)(F)F
CHEMBL1161980,CN1CCOCC1c1nc(C(=O)NCc2ccc(F)cc2)c(O)c(=O)n1C.O=C(O)C(F)(F)F
CHEMBL1162013,CC(O)C(=O)O.O=C(CC1NCCCC1O)Cn1cnc2cc(Br)c(Cl)cc2c1=O
CHEMBL1162014,CC(O)C(=O)O.O=C(C[C@@H]1NCCC[C@H]1O)Cn1cnc2cc(Br)c(Cl)cc2c1=O
CHEMBL1162015,CC(O)C(=O)O.O=C(C[C@H]1NCCC[C@@H]1O)Cn1cnc2cc(Br)c(Cl)cc2c1=O
CHEMBL1162838,Br.Br.NCC[PH](c1ccccc1)(c1ccccc1)c1ccccc1
CHEMBL1162974,CC(Cc1nc(-c2ccc(S(C)(=O)=O)cc2Cl)no1)C(F)=C1CCCC1.O=C(O)C(F)(F)F
CHEMBL1164340,C[C@H]1C[C@@H]2[C@H](CC[C@]3(C)C(=O)CC[C@@H]23)[C@@]2(C)CC/C(=N\O[C@@H]3CCNC3)C[C@H]12.O=C(O)/C=C/C(=O)O
CHEMBL1163587,CO/N=C1\C[C@@H]2[C@H](CC[C@]3(C)C(=O)CC[C@@H]23)[C@@]2(C)CC/C(=N\O[C@@H]3CCNC3)C[C@H]12.Cl
CHEMBL1164668,COc1cc2c(cc1OC)C(=O)N1C=C(c3ccc(F)cc3)C[C@H]1[C@H](S(=O)(=O)[O-])N2.[Na+]
CHEMBL1171607,CN1CC(c2ccc(NC(=O)c3nc(C#N)c[nH]3)c(C3=CCCCC3)c2)CN(C)S1(=O)=O
CHEMBL1172096,N#CC1=C(NCC(=O)N2CCCC2)N(c2ccccc2)C(=O)N2CCCCC(N3CCCC3)C12
CHEMBL1169956,N#CC1=C(NCC(=O)N2CCCCC2)N(c2ccccc2)C(=O)N2CCCCC(N3CCCC3)C12
CHEMBL1172097,N#CC1=C(NC(=O)c2ccccc2O)N(c2ccccc2)C(=O)N2CCCCC(N3CCCC3)C12
CHEMBL1172210,O=C(O)C(=O)O.OC1(c2ccc(Br)cc2)CCN(Cc2cc3ccccc3o2)CC1
CHEMBL1172213,O=C(O)C(=O)O.OC1(c2ccc(Br)cc2)CCN(Cc2coc3ccccc23)CC1
CHEMBL1171103,COCC1NC(=O)C2(CCN(Cc3ccc(Oc4ccccc4)cc3)CC2)N(C)C1=O.Cl
CHEMBL1172604,COc1ccc2c(c1C)CC(CCN(C)C)(c1ccc(Cl)cc1)OC2=O.O=C(O)C(=O)O
CHEMBL1173624,CC(C)c1ccc(NC(=O)Oc2ccc3c(c2)[C@]2(C)CC[N+](C)(C)C2N3C)cc1.[Br-]
CHEMBL1170879,O=C(O)C(=O)O.OC1(c2ccc(Br)cc2)CCN(Cc2c[nH]c3ncccc23)CC1
CHEMBL1182560,CN(C)C(=O)[C@@H](c1ccc(N(C)C(=O)c2ccc(F)cc2)cc1)[C@H](N)C(=O)N1CC[C@H](F)C1
CHEMBL1183948,COc1ccc(NC(=O)N2CCN(c3cccc4c3CCCC4)CC2)cc1N1CCN(C)CC1
CHEMBL1184224,NC1CCC(CNC(=O)[C@@H]2CCCN2C(=O)CC2c3ccccc3CCc3ccccc32)CC1
CHEMBL1184805,CN(C)C(=O)[C@@H](c1ccc(-c2cccc(S(C)(=O)=O)c2)cc1)[C@H](N)C(=O)N1CC[C@H](F)C1
CHEMBL1185182,Cc1ccc(C(=O)N(C)c2ccc([C@H](C(=O)N(C)C)[C@H](N)C(=O)N3CC[C@H](F)C3)cc2)cc1
CHEMBL1191246,CC1(C)OCC2(CO1)CN(c1cc3c(cc1F)c(=O)c(C(=O)O)cn3C1CC1)CC2(C)CN
CHEMBL1194847,OCCN1CCN(C2=Nc3ccc(Br)cc3CC=C2c2ccc(Cl)cc2)CC1
CHEMBL1200334,CCOC(=O)Nc1ccc2c(c1)N(C(=O)CCN1CCOCC1)c1ccccc1S2.Cl
CHEMBL1200347,CC(C)[N+](C)(CCC(C(N)=O)(c1ccccc1)c1ccccc1)C(C)C.[I-]
CHEMBL1200388,Cc1onc(-c2ccccc2Cl)c1C(=O)N[C@@H]1C(=O)N2[C@@H]1SC(C)(C)[C@@H]2C(=O)[O-].O.[Na+]
CHEMBL1200395,Cc1ccccc1C(OCCN(C)C)c1ccccc1.O=C(O)CC(O)(CC(=O)O)C(=O)O
CHEMBL1200437,C=C[C@H]1CN2CC[C@H]1C[C@@H]2[C@@H](O)c1ccnc2ccc(OC)cc12.O=C(O)[C@H](O)[C@@H](O)[C@H](O)[C@H](O)CO
CHEMBL1200521,CN(C)CCc1c[nH]c2ccc(CS(=O)(=O)N3CCCC3)cc12.O=C(O)CC(O)C(=O)O
CHEMBL1200587,CN1CCN(CCCN2c3ccccc3Sc3ccc(Cl)cc32)CC1.O=C(O)/C=C\C(=O)O
CHEMBL1200621,CO/N=C1\CN(c2nc3c(cc2F)c(=O)c(C(=O)O)cn3C2CC2)CC1CN.CS(=O)(=O)O
CHEMBL1200651,CC1(C)S[C@@H]2[C@H](NC(=O)Cc3ccccc3)C(=O)N2[C@H]1C(=O)O.c1ccc(CNCCNCc2ccccc2)cc1
CHEMBL1200792,Cl.OCCN1CCN(CCCN2c3ccccc3Sc3ccc(C(F)(F)F)cc32)CC1
CHEMBL1200795,CN1CCC[C@@H]1CCO[C@](C)(c1ccccc1)c1ccc(Cl)cc1.O=C(O)/C=C/C(=O)O
CHEMBL1200803,O=C(O)CCC(=O)O.O=C(O[C@H]1CN2CCC1CC2)N1CCc2ccccc2[C@@H]1c1ccccc1
CHEMBL1200843,CC[C@@H](CO)NC(=O)[C@@H]1C=C2c3cccc4[nH]cc(c34)C[C@H]2N(C)C1.O=C(O)/C=C\C(=O)O
CHEMBL1200871,Cc1ccc(O)c([C@H](CCN(C(C)C)C(C)C)c2ccccc2)c1.O=C(O)[C@H](O)[C@@H](O)C(=O)O
CHEMBL1200911,O=C(O)/C=C/C(=O)O.OCCOCCN1CCN(C2=Nc3ccccc3Sc3ccccc32)CC1
CHEMBL1200938,CC[C@@H](CO)NC(=O)[C@@H]1C=C2c3cccc4c3c(cn4C)C[C@H]2N(C)C1.O=C(O)/C=C\C(=O)O
CHEMBL1200997,CS(=O)(=O)O.O=C1Cc2cc(CCN3CCN(c4nsc5ccccc45)CC3)c(Cl)cc2N1
CHEMBL1201003,Br.CN1CCC[C@@H]1Cc1c[nH]c2ccc(CCS(=O)(=O)c3ccccc3)cc12
CHEMBL1201154,CN1CCN(CCCN2c3ccccc3Sc3ccc(Cl)cc32)CC1.O=S(=O)(O)CCS(=O)(=O)O
CHEMBL1201759,O=C(O)CCCN1CCC(O[C@@H](c2ccc(Cl)cc2)c2ccccn2)CC1.O=S(=O)(O)c1ccccc1
CHEMBL1201887,CCOC(=O)C1(c2ccccc2)CCCN(C)CC1.O=C(O)CC(O)(CC(=O)O)C(=O)O
CHEMBL1201889,O=C(O)CC(O)(CC(=O)O)C(=O)O.Oc1ccc(C2CCN(CCOCc3ccccc3)CC2)cc1
CHEMBL1201932,Cc1ccccc1C(OCC(O)CN1CCCCC1C)c1ccccc1C.O=C(O)C(=O)O
CHEMBL1201949,CN(CC(=O)NC(c1ccccc1)C1CCCCC1)CC1COc2ccccc2O1.O=C(O)C(=O)O
CHEMBL1202006,COc1ccc(CNCC2(C)CCc3c(C)c(O)c(C)c(C)c3O2)cc1OC.O=C(O)C(=O)O
CHEMBL1202010,Cc1c(C)c2c(c(C)c1O)CCC(C)(CN(C)CCc1ccccn1)O2.O.O=C(O)C(=O)O
CHEMBL1202015,CN1C2CCC1CN(CCOC(c1ccc(F)cc1)c1ccc(F)cc1)C2.O=C(O)C(=O)O
CHEMBL1202023,O=C(O)C(=O)O.O=c1[nH]c2ccccc2c(=O)n1CCN1CCC(Cc2ccc(F)cc2)CC1
CHEMBL1202024,O=C(O)C(=O)O.O=c1[nH]c2ccccc2c(=O)n1CCN1CCC(C(O)c2ccccc2)CC1
CHEMBL1202028,O=C(NCCN1CCC(C(=O)c2ccc(F)cc2)CC1)Nc1ccccc1.O=C(O)C(=O)O
CHEMBL1202081,COc1cccc(N2CCN(CCNCC(=O)N3CCC[C@@H]3C#N)C2=O)c1.O=C(O)C(=O)O
CHEMBL1202089,N#C[C@H]1CCCN1C(=O)CNCCN1CCN(c2ccc(Cl)cc2)C1=O.O=C(O)C(=O)O
CHEMBL1202093,COc1ccc(N2CCN(CCNCC(=O)N3CCC[C@@H]3C#N)C2=O)cc1.O=C(O)C(=O)O
CHEMBL1202161,Br.Br.O=C(O)C1CCCN(Cc2ccc(CN3CCCC(C(=O)O)C3)cc2)C1
CHEMBL1202168,Br.Br.CC1CCCN(Cc2ccc(CN3CCCC(C)C3)cc2)C1
CHEMBL1202202,Br.Oc1ccc([C@H]2C[C@@H]2CN2CCN(c3ccc(Cl)cc3Cl)CC2)cc1
CHEMBL1202204,Br.COc1c(Cl)cc(N2CCN(C[C@H]3C[C@@H]3c3ccccc3)CC2)cc1Cl
CHEMBL1202206,Br.COc1ccc([C@H]2C[C@@H]2CN2CCN(c3ccc(Cl)cc3Cl)CC2)cc1
CHEMBL1202214,Br.Br.COc1cc(F)ccc1N1CCN(C[C@H]2C[C@@H]2c2ccccc2)CC1
CHEMBL1202238,Br.COc1cccc(CCN2CCC(O)(C(C)C(=O)N(C)C3CCCCC3)CC2)c1
CHEMBL1202254,Br.Br.Cc1cc(C)nc(N(CCCN(C(C)C)C(C)C)C(=O)N(C)C)c1
CHEMBL1202255,Br.Br.Cc1cc(C)nc(N(CCN(Cc2ccccc2)C(C)C)C(=O)N(C)C)c1
CHEMBL1202392,COc1ccc2c3c1OC1[C@H](O)[C@](CO)(CCCc4ccccc4)CC4C(C2)N(C)CCC341.Cl
CHEMBL1202684,COc1ccccc1N1CCN(CCn2c(=O)[nH]c3scc(C)c3c2=O)CC1.Cl.O
CHEMBL1202730,Cl.Cl.O=C(CCN1CCN(c2ccccn2)CC1)Nc1cccc(C(F)(F)F)c1
CHEMBL1202731,CCC(=O)Nc1ccc(NC(=O)CCN2CCN(c3ccccn3)CC2)cc1.Cl.Cl
CHEMBL1202734,CNC(=O)Nc1ccc(NC(=O)CCN2CCN(c3ccccn3)CC2)cc1.Cl.Cl
CHEMBL1202742,CCOC(=O)c1ccc(NC(=O)CCN2CCN(c3ccccn3)CC2)cc1.Cl.Cl
CHEMBL1202954,CC1COCC(C)N1CC(O)(C(=O)OC1CN2CCC1CC2)c1ccccc1.Cl.Cl
CHEMBL1203279,CCN1CCN(C(C)C)C2CCn3c(c(C)c4cc(Br)ccc43)C21.Cl.Cl
CHEMBL1203297,CS(=O)(=O)Nc1ccc2c(c1)C(=O)CC1(CCN(CCc3ccc(C#N)cc3)CC1)O2.Cl
CHEMBL1203298,CS(=O)(=O)Nc1cccc2c1OC1(CCN(CCc3ccccn3)CC1)CC2=O.Cl.O
CHEMBL1203321,COc1ccccc1N1CCN(CC2(C)CCc3c(C)c(O)c(C)c(C)c3O2)CC1.Cl.O
CHEMBL1203322,CCNc1cccnc1N1CCN(CC2(C)CCc3c(C)c(O)c(C)c(C)c3O2)CC1.Cl.O
CHEMBL1203323,Cc1c(C)c2c(c(C)c1O)CCC(C)(CN1CCN(Cc3ccccc3)CC1)O2.Cl.Cl
CHEMBL1203576,CC1CC(=O)c2c(N3CCN4CCC3CC4)c(F)cc3c(=O)c(C(=O)O)cn1c23.Cl.O
CHEMBL1203776,CCN(CC)C(=O)COc1c(I)cc(C(C)(C)C)cc1CN.Cl
CHEMBL1203794,COc1ccc([C@@H]2Cc3cc(C(F)(F)F)ccc3N(CCN(C)C)C(=O)[C@@H]2O)cc1.Cl
CHEMBL1203795,COc1ccc([C@@H]2Cc3cc(C(F)(F)F)ccc3N(CCN(C)C)C(=O)[C@@H]2C)cc1.Cl
CHEMBL1203796,COc1ccc([C@@H]2Cc3c(cccc3C(F)(F)F)N(CCN(C)C)C(=O)[C@H]2C)cc1.Cl
CHEMBL1203862,Cc1ccc([C@@H]2C[C@@H](N3CCN(CCO)CC3)c3cc(C(F)(F)F)ccc32)cc1.Cl.Cl
CHEMBL1203864,Cl.Cl.OCCN1CCN([C@@H]2C[C@@H](c3ccccc3)c3ccc(C(F)(F)F)cc32)CC1
CHEMBL1203868,Cl.Cl.OCC(CO)N1CCN(C2CC(c3ccc(F)cc3)c3ccc(F)cc32)CC1
CHEMBL1203869,CC(C)(O)CN1CCN(C2CC(c3ccc(F)cc3)c3ccc(F)cc32)CC1.Cl.Cl
CHEMBL1203891,Cl.Cl.OCCCCN1CCN(C2CC(c3ccc(F)cc3)c3ccc(F)cc32)CC1
CHEMBL1203896,Cl.Cl.O[C@@H]1CN(Cc2ccccc2Br)CC[C@H]1N1CCC(c2ccccc2)CC1
CHEMBL1203910,Cl.Cl.O[C@@H]1CCN(Cc2cccc(Br)c2)C[C@H]1N1CCC(c2ccccc2)CC1
CHEMBL1203912,Cl.Cl.O[C@@H]1CN(Cc2ccc(Br)cc2)CC[C@H]1N1CCC(c2ccccc2)CC1
CHEMBL1203913,Cl.Cl.O[C@@H]1CCN(Cc2ccccc2Br)C[C@H]1N1CCC(c2ccccc2)CC1
CHEMBL1204037,Cl.O=C(c1ccc(Br)s1)C1CCN([C@@H]2Cc3ccccc3C[C@H]2O)CC1
CHEMBL1204047,Cl.O=C(C1CCN([C@@H]2Cc3ccccc3C[C@H]2O)CC1)N1CCC(c2ccccc2)CC1
CHEMBL1204048,Cl.O=C(C1CCN([C@@H]2Cc3ccccc3C[C@H]2O)CC1)N1CCC(Cc2ccccc2)CC1
CHEMBL1204049,Cl.O=C(C1CCN([C@@H]2Cc3ccccc3C[C@H]2O)CC1)N1CCN(Cc2ccccc2)CC1
CHEMBL1204054,CCC[C@@]1(O)[C@H](C)CN(C(=O)[C@H]2CN(c3cccnn3)C[C@@H]2c2ccc(F)cc2F)C[C@@H]1C.Cl
CHEMBL1204055,CC(C)[C@@]1(O)[C@H](C)CN(C(=O)[C@H]2CN(c3cccnn3)C[C@@H]2c2ccc(F)cc2F)C[C@@H]1C.Cl
CHEMBL1204056,C[C@@H]1CN(C(=O)[C@H]2CN(c3cccnn3)C[C@@H]2c2ccc(F)cc2F)C[C@H](C)[C@@]1(O)C1CC1.Cl
CHEMBL1204058,C[C@@H]1CN(C(=O)[C@@H]2CN(C(C)(C)C)C[C@H]2c2ccc(F)cc2F)C[C@H](C)[C@@]1(O)c1cccnc1.Cl.Cl
CHEMBL1204064,C[C@@H]1CN(C(=O)[C@@H]2CN(C(C)(C)C)C[C@H]2c2ccc(F)cc2F)C[C@H](C)[C@@]1(O)c1cncnc1.Cl.Cl
CHEMBL1204065,C[C@@H]1CN(C(=O)[C@@H]2CN(C)C[C@H]2c2ccc(F)cc2F)C[C@H](C)[C@@]1(O)c1ccccc1.Cl
CHEMBL1204066,CCN1C[C@@H](C(=O)N2C[C@@H](C)[C@](O)(c3ccccc3)[C@@H](C)C2)[C@H](c2ccc(F)cc2F)C1.Cl
CHEMBL1204067,CCN1C[C@@H](C(=O)N2C[C@@H](C)[C@](O)(c3ccc(F)cc3)[C@@H](C)C2)[C@H](c2ccc(F)cc2F)C1.Cl
CHEMBL1204070,CC(C)N1C[C@@H](C(=O)N2C[C@@H](C)[C@](O)(c3cccc(F)c3)[C@@H](C)C2)[C@H](c2ccc(F)cc2F)C1.Cl
CHEMBL1204124,Br.Br.Oc1cccc(CC(c2ccccc2)N2CCN(C3CCCCC3)CC2)c1
CHEMBL1204138,Cl.Cl.OCCN1CCN(C2CC(c3ccc(F)cc3)c3ccc(C(F)(F)F)cc32)CC1
CHEMBL1204255,Cl.O=C1C2CCCCN2C(=O)CN1CCCN1CCN(c2cccc(C(F)(F)F)c2)CC1
CHEMBL1204312,CS(=O)(=O)Nc1ccc2c(c1)C(=O)CC1(CCN(CCc3ccccn3)CC1)O2.Cl.O
CHEMBL1204349,CC(C)c1ccc2c(c1)C(N1CCN(CCO)CC1)CC2c1ccc(F)cc1.Cl.Cl
CHEMBL1204351,CS(=O)(=O)c1ccc2c(c1)C(N1CCN(CCO)CC1)CC2c1ccc(F)cc1.Cl.Cl
CHEMBL1204352,CSc1ccc2c(c1)C(N1CCN(CCO)CC1)CC2c1ccc(F)cc1.Cl.Cl
CHEMBL1204381,Cl.Cl.OCC(O)CN1CCN(C2CC(c3ccc(F)cc3)c3ccc(F)cc32)CC1
CHEMBL1204399,CS(=O)(=O)c1ccc2c(c1)CCC1(CCN(C(=O)N[C@H]3C[C@@H]3c3ccccc3)CC1)O2.Cl
CHEMBL1206217,COc1cccc2c1C[C@H]1C[C@@H](C(=O)N3CCN(c4ccc(C(=O)O)cc4)CC3)CN(C)[C@@H]1C2
CHEMBL1209714,C[N+]1(C)CCO[C@@](O)(c2ccc(-c3ccc([C@@]4(O)C[N+](C)(C)CCO4)cc3)cc2)C1.[Br-].[Br-]
CHEMBL1210584,CN1CCC(Nc2cccc(S(=O)(=O)Nc3c(F)cc(F)cc3Br)c2)CC1
CHEMBL1213283,COc1c(N2C[C@@H](C)C[C@H](N)C2)ccc2c(=O)c(C(=O)O)cn(C3CC3)c12.O=C(O)CC(O)C(=O)O
CHEMBL1214597,Cc1c(C(=O)NCCN2CCN(c3cccc(Cl)c3Cl)CC2)cc(C(C)(C)C)n1C.Cl
CHEMBL1222460,COC(=O)N1C[C@@H](F)C[C@H]1c1nc(C(=O)NCc2ccc(C)c(Cl)c2)c(O)c(=O)n1C
CHEMBL1222461,COC(=O)N1C[C@@H](F)C[C@H]1c1nc(C(=O)NCc2ccc(F)c(Cl)c2)c(O)c(=O)n1C
CHEMBL1229304,Cc1c(C(=O)NCCN2CCN(c3cccc(Cl)c3Cl)CC2)cc(C(C)(C)C)n1C
CHEMBL1237102,C[C@@H]1CN([C@H]2CC[C@](C#N)(c3ccc(F)cc3)CC2)CC[C@]1(C(=O)O)c1ccccc1.Cl
CHEMBL1237319,CN1CCN(CCN2CCN(C3CC(c4ccc(F)cc4)c4ccccc43)CC2)C1=O.Cl.Cl.O
CHEMBL1237322,Cl.Cl.O.O=C1OCCN1CCN1CCN(C2CC(c3ccc(F)cc3)c3ccc(F)cc32)CC1
CHEMBL1237326,Fc1ccc([C@@H]2C[C@@H](N3CCNCC3)c3ccccc32)cc1.O=C(O)/C=C\C(=O)O.O=C(O)/C=C\C(=O)O
CHEMBL1237327,CN1CCN(CCN2CCN(C3CC(c4ccc(F)cc4)c4ccc(F)cc43)CC2)C1=O.Cl.Cl
CHEMBL1237329,Cl.Cl.O=C1OCCN1CCN1CCN(C2CC(c3ccc(F)cc3)c3ccccc32)CC1
CHEMBL1237336,Fc1ccc([C@H]2C[C@H](N3CCNCC3)c3ccccc32)cc1.O=C(O)/C=C\C(=O)O.O=C(O)/C=C\C(=O)O
CHEMBL1237339,Cl.Cl.OC1=NCCN1CCCN1CCN(C2CC(c3ccc(F)cc3)c3ccc(F)cc32)CC1
CHEMBL1237341,Cl.Cl.OC1=NCCN1CCN1CCN(C2CC(c3ccc(Cl)cc3)c3ccccc32)CC1
CHEMBL1237343,Cl.Cl.O=C1CCCN1CCN1CCN(C2CC(c3ccc(F)cc3)c3ccc(F)cc32)CC1
CHEMBL1253852,COc1cc2c(c(OC)c1OC)-c1ccc(SC)c(=O)cc1[C@@H](N)CC2.O=C(O)CCC(=O)O
CHEMBL1253933,COc1cc2c(c(OC)c1OC)-c1ccc(SC)c(=O)cc1[C@@H](N(C)C)CC2.O=C(O)CCC(=O)O
CHEMBL1254451,CN[C@H]1CCc2cc(OC)c(O)c(OC)c2-c2ccc(SC)c(=O)cc21.O=C(O)CCC(=O)O
CHEMBL1254542,O=C1NC2(CCc3ccccc3C2)C(=O)N1CN1CCN(c2cccc(C(F)(F)F)c2)CC1
CHEMBL1256660,CN1CCN(C2Cc3ccccc3Sc3ccc(Cl)cc32)CC1.O=C(O)/C=C\C(=O)O
CHEMBL1256662,CC(C(O)c1ccc(O)cc1)N1CCC(Cc2ccccc2)CC1.O=C(O)C(O)C(O)C(=O)O
CHEMBL1256692,CN(C(=O)Cc1ccc(Cl)c(Cl)c1)[C@H]1CC[C@@]2(CCCO2)C[C@@H]1N1CCCC1.CS(=O)(=O)O
CHEMBL1256713,C[C@]12CCC(=O)C=C1CC[C@@H]1[C@@H]2CC[C@@]2(C)[C@H]1CC[C@]2(O)C(=O)CO.O=C(O)/C=C\C(=O)O
CHEMBL1256737,CS(=O)(=O)O.CSc1ccc2c(c1)C(N1CCN(C)CC1)Cc1ccccc1S2
CHEMBL1256770,CN(C(=O)Cc1ccc(Cl)c(Cl)c1)[C@@H]1CC[C@]2(CCCO2)C[C@H]1N1CCCC1.CS(=O)(=O)O
CHEMBL1256865,COC(=O)N1CCN(C(=O)Cc2ccc(Cl)c(Cl)c2)C(CN2CCCC2)C1.O=C(O)/C=C/C(=O)O
CHEMBL1257040,CN1CCN(CCCN2c3ccccc3Sc3ccc(C(F)(F)F)cc32)CC1.Cl.Cl
CHEMBL1257128,CCN(CC)C(=O)N[C@H]1C=C2c3cccc4[nH]cc(c34)C[C@H]2N(C)C1.O=C(O)/C=C\C(=O)O
CHEMBL1257407,N[C@]1(C(=O)O)C2C[C@H](C[C@H]2CCc2ccc(Cl)cc2)[C@@H]1C(=O)O.O=C(O)C(F)(F)F
CHEMBL1257501,CCNC(=O)c1c(NC(=O)Cn2nc(C(F)(F)F)c3c2CCCC3)sc2c1CCCC2
CHEMBL1257759,Cc1ccc(S(=O)(=O)N2CCC(NC(=O)Nc3ccc(OC(F)(F)F)cc3)CC2)cc1
CHEMBL1255610,COc1c(C(=O)N2CCC(F)(CNCc3ccc(C)cn3)CC2)csc1Br
CHEMBL1269894,NC(=O)[C@]12CC3CC(C1)[C@@H](OC(=O)N1CC[C@H](Nc4ccc(C(F)(F)F)cn4)C1)C(C3)C2
CHEMBL1270255,COc1cc2c(cc1O)C[N@+]1(C)CCc3cc(OC)c(OC)cc3[C@@H]1C2.O=C([O-])C(F)(F)F
CHEMBL1270256,COc1cc2c3c(c1O)-c1c(ccc(OC)c1OC)C[C@@H]3[N+](C)(C)CC2.O=C([O-])C(F)(F)F
CHEMBL1270450,COc1c(O)c2c3c(c1OC)-c1cc4c(cc1C[C@@H]3NCC2)OCO4.O=C(O)C(F)(F)F
CHEMBL1270548,COc1cc2c(cc1O)C=[N+]1CCc3cc(OC)c(OC)cc3[C@@H]1C2.O=C([O-])C(F)(F)F
CHEMBL1270614,CN1CCN(C(=O)N2CCC(Nc3ncc4c(n3)-c3c(c(C(N)=O)cn3C)CC4)CC2)CC1
CHEMBL1270645,COc1cc2c(cc1OC)[C@@H]1Cc3ccc(O)c(OC)c3C=[N+]1CC2.O=C([O-])C(F)(F)F
CHEMBL1270646,COc1cc2c(cc1O)-c1cc3cc(OC)c(OC)cc3c[n+]1CC2.O=C([O-])C(F)(F)F
CHEMBL1270712,CNC(=O)c1cn(C)c2c1CCc1cnc(NC3CCN(C(=O)N4CCN(C)CC4)CC3)nc1-2
CHEMBL1270742,Br.COc1ccc2cc(-c3ccc(C4(O)CN5CCCCC5CO4)cc3)ccc2c1
CHEMBL1270747,COc1cc2c(cc1OC)-c1cc3ccc(O)c(OC)c3c[n+]1CC2.O=C([O-])C(F)(F)F
CHEMBL1270748,COc1cc2c[n+]3c(cc2cc1O)-c1cc(OC)c(OC)cc1CC3.O=C([O-])C(F)(F)F
CHEMBL1271010,NC(=O)[C@]12CC3CC(C1)[C@@H](OC(=O)N1CC[C@@H](Nc4nccc(C(F)(F)F)n4)C1)C(C3)C2
CHEMBL1271114,NC(=O)[C@]12CC3CC(C1)[C@@H](OC(=O)N1CC[C@@H](Nc4ccnc(C(F)(F)F)n4)C1)C(C3)C2
CHEMBL1271217,NC(=O)[C@]12CC3CC(C1)[C@@H](OC(=O)N1CC[C@@H](Nc4nnc(C(F)(F)F)s4)C1)C(C3)C2
CHEMBL1271218,NC(=O)[C@]12CC3CC(C1)[C@@H](OC(=O)N1CC[C@@H](Nc4ncccc4C(F)(F)F)C1)C(C3)C2
CHEMBL1271319,NC(=O)[C@]12CC3CC(C1)[C@@H](OC(=O)N1CC[C@@H](Nc4cc(C(F)(F)F)ccn4)C1)C(C3)C2
CHEMBL1271320,NC(=O)[C@]12CC3CC(C1)[C@@H](OC(=O)N1CC[C@@H](Nc4ccc(C(F)(F)F)cn4)C1)C(C3)C2
CHEMBL1271427,NC(=O)[C@]12CC3CC(C1)[C@@H](OC(=O)N1CC[C@@H](Nc4cccc(C(F)(F)F)n4)C1)C(C3)C2
CHEMBL1271428,NC(=O)[C@]12CC3CC(C1)[C@H](OC(=O)N1CC[C@H](Nc4ncccc4C(F)(F)F)C1)C(C3)C2
CHEMBL1271600,CC(C)[C@@H]1COC[C@H](C2(OC(=O)N3CC[C@@H](O)C3)CC2)N1S(=O)(=O)c1ccc(Cl)cc1
CHEMBL1271651,CC(C)[C@@H]1COC[C@H](C2(OC(=O)N3CC[C@H](O)C3)CC2)N1S(=O)(=O)c1ccc(Cl)cc1
CHEMBL1271698,Cc1cc(C(=O)NCCCN2CCN(c3cccc(Cl)c3Cl)CC2)nc(C)n1.Cl
CHEMBL1271703,CC(C)[C@@H]1COC[C@H](C2(OC(=O)N3CCNCC3)CC2)N1S(=O)(=O)c1ccc(Cl)cc1
CHEMBL1271816,Cc1nc(C(=O)NCCCN2CCN(c3cccc(C)c3C)CC2)cc(C(C)(C)C)n1.Cl
CHEMBL1271873,Cc1cc(C(=O)NCCCN2CCN(c3cccc(C)c3C)CC2)nc(C(C)(C)C)n1.Cl
CHEMBL1272092,COc1c(C)nc(C)nc1C(=O)NCCN1CCN(c2cccc(Cl)c2Cl)CC1.Cl
CHEMBL1276590,N[C@@H](CC(=O)N1CCN2C(=O)OCC2C1)Cc1cc(F)c(F)cc1F.O=C(O)/C=C/C(=O)O
CHEMBL1276591,N[C@@H](CC(=O)N1CCN2C(=O)NCC2C1)Cc1cc(F)c(F)cc1F.O=C(O)/C=C/C(=O)O
CHEMBL1276619,CN1CC2CN(C(=O)C[C@H](N)Cc3cc(F)c(F)cc3F)CCN2C1=O.O=C(O)/C=C/C(=O)O
CHEMBL1276620,CCN1CC2CN(C(=O)C[C@H](N)Cc3cc(F)c(F)cc3F)CCN2C1=O.O=C(O)/C=C/C(=O)O
CHEMBL1276772,N[C@@H](CC(=O)N1CCN2C(=O)N(c3ccccn3)CC2C1)Cc1cc(F)c(F)cc1F.O=C(O)/C=C/C(=O)O
CHEMBL1288262,CCN1CCN(C(=O)c2cn(CC3CCCCC3)c3c(OC)cccc23)CC1.O=C(O)/C=C\C(=O)O
CHEMBL1289299,CC(C)(CNC(=O)C1(C#N)CC1)CN(C1=NS(=O)(=O)c2cc(F)ccc21)c1ccccc1
CHEMBL1289416,CC(C)(CNC(=O)C1CC1(F)F)CN(C1=NS(=O)(=O)c2cc(F)ccc21)c1ccccc1
CHEMBL1289534,COc1ccc(COC(=O)C2(c3ccc(Cl)c(Cl)c3)CCNCC2)cc1.O=C(O)C(=O)O
CHEMBL1289744,CC(C)(CNC(=O)C1CCCO1)CN(C1=NS(=O)(=O)c2cc(F)ccc21)c1ccccc1
CHEMBL1290279,CC(C)(CNC(=O)N1CCOCC1)CN(C1=NS(=O)(=O)c2ccccc21)c1ccccc1
CHEMBL1290280,CC(C)(CNC(=O)N1CCOCC1)CN(C1=NS(=O)(=O)c2cc(F)ccc21)c1ccccc1
CHEMBL1290507,CC(C)(CNC(=O)C1CCOCC1)CN(C1=NS(=O)(=O)c2ccccc21)c1ccccc1
CHEMBL1299659,Cl.OC(COc1c(F)cc(Br)cc1F)CN1CCN(c2ccc(F)cc2)CC1
CHEMBL1300145,O=C(CN1CCCN(S(=O)(=O)c2ccc(F)cc2)CC1)Nc1c(Cl)cccc1Cl
CHEMBL1300254,CN(C)S(=O)(=O)c1ccc(N2CCCC2)c(C(=O)NCc2cccc(C(F)(F)F)c2)c1
CHEMBL1300296,CSc1ccccc1NC(=O)CN(C)CC(=O)Nc1ccccc1F.O=C(O)C(=O)O
CHEMBL1301447,COc1cc(C(=O)N2CCN(C3CCCCC3)CC2)cc(OC)c1OC.O=C(O)C(=O)O
CHEMBL1302856,Cc1c(C(=O)N2CCOCC2)c(S(=O)(=O)Nc2ccc(Br)cc2F)c(C)n1C
CHEMBL1303548,CN(C)S(=O)(=O)c1ccc(N2CCCC2)c(C(=O)Nc2ccccc2N2CCOCC2)c1
CHEMBL1303782,O=C(O)c1c2c(nc3ccc(S(=O)(=O)N4CCC(C(=O)N5CCCCC5)CC4)cc13)CCCC2
CHEMBL1303834,O=C(Nc1ccc2c(c1)OCCO2)C1CCN(S(=O)(=O)c2ccc(Br)s2)CC1
CHEMBL1304609,Cc1ccc(N2CC(C(=O)N3CCC(C(=O)Nc4nnc(C(C)(C)C)s4)CC3)CC2=O)cc1
CHEMBL1304794,CC(=O)N1c2c(cc(Br)cc2S(=O)(=O)NCC2COc3ccccc3O2)CC1C
CHEMBL1305313,Cc1ccc(Cl)cc1N1CCN(CC(O)COCc2ccco2)CC1.O=C(O)C(=O)O
CHEMBL1305366,CCOC(=O)N1CCC(NC(=O)C2CCN(S(=O)(=O)c3cccc4cccnc34)CC2)CC1
CHEMBL1305581,CCN(c1ccccc1)S(=O)(=O)c1ccc(OC)c(NC(=O)CNC)c1.O=C(O)C(=O)O
CHEMBL1305958,CCOC(=O)c1c(-c2ccccc2)csc1NC(=O)CCN1CCOCC1.O=C(O)C(=O)O
CHEMBL1306333,Cc1ccc(NC(=O)CN2C(=O)COc3ccc(S(=O)(=O)N4CCOCC4)cc32)cc1F
CHEMBL1306414,Nc1c(-c2ccccc2)c(CN2CCOCC2)nn1-c1ccc(C(=O)O)cc1.O=S(=O)(O)O
CHEMBL1306436,Cn1c(SCCN2CCCCC2)nnc1-c1ccccc1Br.O=C(O)C(=O)O
CHEMBL1306569,O=C(Nc1ccc(Cl)cc1)Nc1cc(S(=O)(=O)N2CCOCC2)ccc1N1CCCC1
CHEMBL1306808,CCOC(=O)N1CCN(C(=O)c2cccc(NS(=O)(=O)c3ccc(F)c(F)c3)c2)CC1
CHEMBL1306968,O=C(Nc1cccc(S(=O)(=O)C(F)F)c1)c1ccc(S(=O)(=O)N2CCOCC2)cc1
CHEMBL1307927,COc1ccccc1NC(=O)N1CCN(Cc2ccc3c(c2)OCO3)CC1.O=C(O)C(=O)O
CHEMBL1308175,Cc1ccc(S(=O)(=O)N2CCOCC2)cc1NC(=O)CNCC1CCCCC1.O=C(O)C(=O)O
CHEMBL1308412,CCC(C)(C)NC(=O)C1CCCN(S(=O)(=O)c2ccc3c(c2)CC(C)N3C(=O)C2CC2)C1
CHEMBL1309193,COc1ccc(NC(=O)c2cncc(Br)c2)cc1S(=O)(=O)N1CCCCC1
CHEMBL1309373,Cc1cc(NS(=O)(=O)c2c(C(=O)N3CCOCC3)c(C)n(C)c2C)ccc1Br
CHEMBL1309485,COc1ccc(CN2CCN(Cc3ccc(C(F)(F)F)cc3)CC2)c(OC)c1.O=C(O)C(=O)O
CHEMBL1309948,CCCc1n(CC(O)COC2CCCCC2)c2ccccc2[n+]1C.[I-]
CHEMBL1309979,O=C(Nc1ccc(F)c(F)c1)c1ccc(F)c(S(=O)(=O)N2CCC3(CC2)OCCO3)c1
CHEMBL1310076,COc1ccc(Br)cc1C(=O)Nc1ccc(N2CCN(S(C)(=O)=O)CC2)cc1
CHEMBL1310333,Cc1noc(C)c1S(=O)(=O)N1CCC(C(=O)NC2CCN(Cc3ccccc3)CC2)CC1
CHEMBL1310490,O=C(CN1CCc2ccccc2C1)Nc1ccccc1N1CCCCCC1.O=C(O)C(=O)O
CHEMBL1310888,CC1=NN(C(=O)c2ccc(Cn3nc(C)c(Br)c3C)cc2)C(O)(C(F)(F)F)C1
CHEMBL1310943,O=C(O)C(=O)O.O=C(c1cccc(F)c1)N1CCN(Cc2cccc(Br)c2)CC1
CHEMBL1311499,Cc1ccc(S(=O)(=O)N2CCC(=O)N(CCOC(=O)Nc3ccc(C)c(C)c3)CC2)cc1
CHEMBL1312175,CC(=O)N1CCN(S(=O)(=O)c2cccc(C(=O)Nc3ccc(OC(F)F)cc3)c2)CC1
CHEMBL1312243,CC1Sc2ccc(S(=O)(=O)N3CCC(C(=O)NCc4ccccc4)CC3)cc2NC1=O
CHEMBL1312610,Cc1ccc(N2CC(C(=O)N3CCC(C(=O)Nc4cccc(Br)c4)CC3)CC2=O)cc1
CHEMBL1312737,O=C(c1cnc2ccc(S(=O)(=O)N3CCOCC3)cc2c1O)N1CCC2(CC1)OCCO2
CHEMBL1313316,CCOC(=O)N1CCC(NC(=O)C2CCN(C(=O)N3CC(C)Oc4ccc(C)cc43)CC2)CC1
CHEMBL1313744,CCN(CC)CC.Oc1c(Br)cc(C2NC(c3ccccc3)=NO2)cc1Br
CHEMBL1313919,COc1cccc(C(=O)N2CCN(Cc3cc(Br)ccc3OC)CC2)c1.O=C(O)C(=O)O
CHEMBL1313999,CC(=O)N1c2ccc(S(=O)(=O)NCC3CCC(C(=O)N4CCC(C)CC4)CC3)cc2CC1C
CHEMBL1314207,COc1ccc(NC(=O)C2CCCN(S(=O)(=O)c3ccc(Br)s3)C2)cc1
CHEMBL1314515,CN(C)S(=O)(=O)c1cc(NC(=O)CNCc2ccc(F)cc2)ccc1Cl.O=C(O)C(=O)O
CHEMBL1314544,CC(=O)N1c2ccc(S(=O)(=O)N3CCC(C(=O)NC4CCCC(C)C4C)CC3)cc2CC1C
CHEMBL1314639,CC(C)CC1Nc2ncnc(N3CCCCC3)c2N(Cc2ccc(Br)cc2)C1=O.O=C(O)C(F)(F)F
CHEMBL1314789,CS(=O)(=O)O.CSc1ccc2c(c1)[C@H](N1CCN(C)CC1)Cc1ccccc1S2
CHEMBL1314879,COc1ccccc1N1CCN(C(=O)c2cccc(NC3=NC4CS(=O)(=O)CC4S3)c2)CC1
CHEMBL1314889,CCOC(=O)[C@H]1[C@H]2COc3ccc(OC)cc3[C@@H]2N2C(=O)c3ccc(F)cc3NC(=O)[C@@]12C
CHEMBL1314922,O=C(CN1C=NS(=O)(=O)c2ccc(C(F)(F)F)cc21)Nc1cccc(C(F)(F)F)c1
CHEMBL1314975,CNC[C@H](O)[C@H](O)[C@H](O)[C@H](O)CO.Cc1c(Nc2ncccc2C(=O)O)cccc1C(F)(F)F
CHEMBL1315179,CCN(CC(=O)Nc1c(F)cccc1F)C(=O)C1CC(=O)N(c2ccc3c(c2)OCCO3)C1
CHEMBL1315230,Cc1ccnc(NC(=O)C2CCN(S(=O)(=O)c3ccc(Cl)c(C(F)(F)F)c3)CC2)c1
CHEMBL1316212,Cc1ccc(NC(=O)CN2C(=O)COc3ccc(S(=O)(=O)N4CCCCCC4)cc32)c(C)c1
CHEMBL1316319,CC1=C(c2ccc(Cl)cc2)S(=O)(=O)N=C1N1CCC(C(=O)NCCc2ccco2)CC1
CHEMBL1316413,O=C(CN1C(=O)COc2ccc(S(=O)(=O)N3CCCCCC3)cc21)Nc1cccc(Cl)c1
CHEMBL1316648,Cc1ccc(NC(=O)CN2C(=O)CCc3cc(S(=O)(=O)N4CCOCC4)ccc32)c(C)c1
CHEMBL1317332,CC1=C(c2ccc(C(C)C)cc2)S(=O)(=O)N=C1N1CCC(C(=O)NCc2ccc(C)o2)CC1
CHEMBL1317514,COc1ccccc1NC(=O)CN1C(=O)CSc2ccc(S(=O)(=O)N3CCCC3)cc21
CHEMBL1317651,O=C(Cc1ccc2c(c1)OCCO2)Nc1ccc(Cl)c(S(=O)(=O)N2CCOCC2)c1
CHEMBL1317768,CC(=O)N1CCCc2cc(S(=O)(=O)N(C)CC(=O)Nc3ccc(F)c(Cl)c3)ccc21
CHEMBL1317899,COc1ccc(S(=O)(=O)N2CCN(CC(=O)Nc3cc(Cl)ccc3Cl)CC2)cc1
CHEMBL1317999,O=C(CNS(=O)(=O)c1ccc(Br)s1)N1CCN(c2ccc(F)cc2)CC1
CHEMBL1318093,O=C(CCS(=O)(=O)c1cc2c3c(c1)CCN3C(=O)CC2)Nc1cccc(Br)c1
CHEMBL1318113,COc1cc(C(=O)Nc2sc3c(c2C#N)CCCC3)c(Br)c(OC)c1OC
CHEMBL1318201,Cc1noc(/C=C/N(C)C)c1S(=O)(=O)N1CCCC(C(=O)Nc2ccc(F)cc2F)C1
CHEMBL1318315,Cc1ccc(NC(=O)COc2ccc(Cl)cc2Cl)cc1S(=O)(=O)N1CCOCC1
CHEMBL1318721,COc1cc(CN2CCC(C(=O)N3CCCC(C)C3)CC2)cc(OC)c1O.O=C(O)C(=O)O
CHEMBL1319134,O=C(c1ccc(Br)cc1)N1CCC(C(=O)N2CCN(c3ccccc3)CC2)CC1
CHEMBL1319295,Cc1c(C(=O)NCCN(C)C)oc2ccc(S(=O)(=O)N3CCC4(CC3)OCCO4)cc12
CHEMBL1320337,COc1ccc(C2=NS(=O)(=O)N(C)C(C(=O)Nc3ccc(OC(F)(F)F)cc3)=C2)cc1
CHEMBL1320364,O=C(Nc1ccccc1Cl)c1cc(S(=O)(=O)N2CCCCC2)ccc1N1CCOCC1
CHEMBL1320698,CC(=O)N1c2ccc(S(=O)(=O)N3CCCCCC3)cc2CC1C(=O)NCc1ccccc1F
CHEMBL1321676,CC(NCc1ccc(S(N)(=O)=O)cc1)C(=O)N1c2ccccc2CC1C.O=C(O)C(=O)O
CHEMBL1321763,Cc1ccc2c(c1)N(C(=O)N1CCC(C(=O)NCc3cccc(Br)c3)CC1)CCO2
CHEMBL1321767,Cc1ccc(NC(=O)[C@@H]2CCCN2C(=O)c2cccs2)cc1S(=O)(=O)N1CCCCC1
CHEMBL1321951,CC(=O)Nc1ccc(S(=O)(=O)N2CCN(C3CCCCCCC3)CC2)cc1.O=C(O)C(=O)O
CHEMBL1321983,CC1=C(c2ccc(C)c(C)c2)S(=O)(=O)N=C1N1CCC(C(=O)NCc2ccc(C)o2)CC1
CHEMBL1322040,COc1ccc(-c2cc3ccccc3n2CC(O)CN2CCCCC2)cc1.O=C(O)C(=O)O
CHEMBL1322071,CC(=O)N1CCCc2cc(S(=O)(=O)N3CCCC(C(=O)NCc4ccc(C)cc4)C3)ccc21
CHEMBL1322148,COc1ccc(C)cc1NC(=O)C1CCN(S(=O)(=O)c2ccc3c(c2)NC(=O)CO3)CC1
CHEMBL1323104,O=S(=O)(NCC1OCCc2ccccc21)c1ccc(S(=O)(=O)N2CCOCC2)cc1
CHEMBL1323675,Cc1ccccc1C(=O)N1CCC(C(=O)Nc2cccc(S(=O)(=O)N3CCCCC3)c2)CC1
CHEMBL1323787,CC(C)(C)NC(=O)C1CN(S(=O)(=O)c2ccccc2)CCN1S(=O)(=O)c1ccccc1
CHEMBL1323960,COc1cc(CN2CCC(C(=O)NC3CCCC3)CC2)cc(Br)c1O.O=C(O)C(=O)O
CHEMBL1324208,O=C(CN1CCN(S(=O)(=O)c2ccc(Cl)cc2)CC1)Nc1ccc2c(c1)OCCO2
CHEMBL1324246,COc1ccc(-n2c3c(cc(C(=O)N4CCN(CCO)CC4)c2=O)C(=O)CC(C)(C)C3)cc1
CHEMBL1324341,CCN(CC(=O)Nc1ccc(C)c(S(=O)(=O)N(C)C)c1)Cc1ccccc1.O=C(O)C(=O)O
CHEMBL1324447,COc1ccc(N2CCN(C(C)C(=O)N3CC(C)OC(C)C3)CC2)cc1.O=C(O)C(=O)O
CHEMBL1324839,O=C(c1cccc(NC2=NC3CS(=O)(=O)CC3S2)c1)N1CCN(c2ccc(F)cc2)CC1
CHEMBL1325263,CCN1CCN(CC(O)COC(c2ccccc2)c2ccccc2C)CC1.O=C(O)C(=O)O
CHEMBL1325437,CC(C)OC(=O)Nc1ccc2c(c1)N(C(=O)CCN1CCOCC1)c1ccccc1CC2.Cl
CHEMBL1325636,CCC(=O)N1CCCc2cc(S(=O)(=O)N3CCC(C(=O)NC4CCCCC4)CC3)ccc21
CHEMBL1326147,O=C(NCC(=O)N1CCN(S(=O)(=O)c2cccc(F)c2)CC1)c1ccc(Br)o1
CHEMBL1326339,CN(C)S(=O)(=O)c1cccc(NC(=O)c2cccc(S(=O)(=O)N3CCCCC3)c2)c1
CHEMBL1326348,CC1CCN(S(=O)(=O)c2cc(C(=O)Nc3ccc(Br)cc3F)n(C)c2)CC1
CHEMBL1327164,COc1ccccc1N1CCN(Cc2ccc(Br)cc2)CC1.O=C(O)C(=O)O
CHEMBL1327386,CCCN1Cc2cccc(C(=O)Nc3ccc(S(=O)(=O)N4CCCCCC4)cc3)c2C1=O
CHEMBL1327533,CCCS(=O)(=O)N1CC(=O)N(c2cccc(Cl)c2C)C(C)(C(=O)NC2CCCC2)C1
CHEMBL1327701,Cc1ccc(S(=O)(=O)N2CCN(CC(=O)NC3CCCc4ccccc43)CC2)cc1C.O=C(O)C(=O)O
CHEMBL1327908,Cc1cccc(NC(=O)CN2CCCN(S(=O)(=O)c3ccc(Br)s3)CC2)c1
CHEMBL1328507,O=C(CNCc1ccccc1Cl)Nc1ccc(C(=O)N2CCCCC2)cc1.O=C(O)C(=O)O
CHEMBL1328540,Cl.O=C(CCN1CCN(CCO)CC1)N1c2ccccc2Sc2ccc(C(F)(F)F)cc21
CHEMBL1328719,CC1Nc2ncnc(N3CCOCC3)c2N(Cc2ccccc2)C1=O.O=C(O)C(F)(F)F
CHEMBL1328895,O=C(Nc1cccc(S(=O)(=O)C(F)F)c1)c1ccc(S(=O)(=O)N2CCCCC2)cc1
CHEMBL1329662,COc1ccc(CN2CCN(S(=O)(=O)c3ccccc3)CC2)cc1Br.O=C(O)C(=O)O
CHEMBL1329812,CCC(=O)N1CCc2cc(Br)cc(S(=O)(=O)NCCN3CCCCC3C)c21
CHEMBL1330055,COc1cccc(OC)c1C(=O)N1CCN(Cc2ccccc2C(F)(F)F)CC1.O=C(O)C(=O)O
CHEMBL1330335,CC(C)N1CCc2c(sc(NC(=O)CN3C(=O)c4ccccc4C3=O)c2C(N)=O)C1.Cl
CHEMBL1330725,Cc1ccc(NC(=O)CNCc2ccccc2Cl)cc1S(=O)(=O)N(C)C.O=C(O)C(=O)O
CHEMBL1331019,CN1CCN(C2Cc3cc(F)ccc3Sc3ccc(Cl)cc32)CC1.O=C(O)/C=C\C(=O)O
CHEMBL1331849,COc1ccc(Br)cc1CN(C)CC(=O)NCc1ccc(F)cc1.O=C(O)C(=O)O
CHEMBL1332109,Br.O=C(CN1C2=NCCCN2c2ccccc21)c1cccc(Br)c1
CHEMBL1332218,O=C(NCc1ccc(C(=O)N2CCC3(CC2)OCCO3)cc1)c1cccc(Br)c1
CHEMBL1332444,COc1ccc(C(=O)N2CCN(Cc3cc(OC)c(O)c(OC)c3)CC2)cc1OC.O=C(O)C(=O)O
CHEMBL1332945,CS(=O)(=O)O.O[C@@H](c1cc(C(F)(F)F)nc2c(Cl)cc(Cl)cc12)[C@@H]1CCCCN1
CHEMBL1333008,CCOC(=O)N1CCC(N2C(=O)c3ccc(C(=O)Nc4ccc(F)cc4F)cc3C2=O)CC1
CHEMBL1333078,CC1CCN(S(=O)(=O)c2ccc3c(c2)CCN3C(=O)Nc2ccc(Br)cc2)CC1
CHEMBL1333121,CC1CCCCN1CCNC(=O)C1CCN(S(=O)(=O)c2cccc3nsnc23)CC1
CHEMBL1333719,CN1C(C(=O)Nc2ccc(OC(F)(F)F)cc2)=CC(c2ccc3c(c2)OCO3)=NS1(=O)=O
CHEMBL1333919,Cc1ccc(CN2CC(C(=O)Nc3cccc(S(=O)(=O)N4CCCCC4)c3)CC2=O)cc1
CHEMBL1333944,O=S(=O)(c1ccc(NC2=NN=C(c3cc(F)ccc3F)CS2)cc1)N1CCOCC1
CHEMBL1334335,O=C1CCc2cc(S(=O)(=O)N3CCC(C(=O)NCc4ccccc4Cl)CC3)ccc2N1
CHEMBL1334350,CC(=O)N1CCCc2cc(S(=O)(=O)N3CCCC(C(=O)NCc4ccccc4)C3)ccc21
CHEMBL1334601,O=C(c1ccc(S(=O)(=O)NCC2CCCO2)cc1)N1CCN(c2cccc(Cl)c2)CC1
CHEMBL1335159,COc1ccc(Br)c(C(=O)Nc2cccc(S(=O)(=O)N3CCOCC3)c2)c1
CHEMBL1335257,COc1ccccc1CNS(=O)(=O)c1cc(Br)cc2c1N(C(C)=O)C(C)C2
CHEMBL1335523,COc1c(C)cc(Br)cc1C(=O)Nc1ccc(N2CCN(S(C)(=O)=O)CC2)cc1
CHEMBL1335603,O=C(Cc1ccccc1)N1CCN(Cc2cccc(Br)c2)CC1.O=C(O)C(=O)O
CHEMBL1335635,O=C1CCc2cc(S(=O)(=O)N3CCCC3C(=O)N3CCN(c4ccccc4F)CC3)ccc2N1
CHEMBL1335822,O=C(CCC(=O)N1CCN(S(=O)(=O)c2ccc3ccccc3c2)CC1)NCC(F)(F)F
CHEMBL1335922,Cc1ccc(CNC(=O)C2CCCN2S(=O)(=O)c2ccc3c(c2)C(C)(C)C(=O)N3C)cc1
CHEMBL1335937,O=C(O)C(=O)O.OC(COCc1cccs1)CN1CCN(c2cccc(Cl)c2)CC1
CHEMBL1336220,COc1ccccc1N1CC(C(=O)Nc2ccc(S(=O)(=O)N3CCOCC3)cc2)CC1=O
CHEMBL1336957,COc1cc(CN2CCN(C(=O)c3ccccc3F)CC2)cc(OC)c1OC.O=C(O)C(=O)O
CHEMBL1336968,CC1CCN(S(=O)(=O)c2ccc3c(c2)CCN3C(=O)Nc2cccc(Br)c2)CC1
CHEMBL1336997,CC1CC(C)CN(C(=O)C(NS(=O)(=O)c2ccc(Br)s2)c2ccccc2)C1
CHEMBL1337078,O=C(COc1ccc2ccccc2c1)N1CCN(CC2CC3C=CC2C3)CC1.O=C(O)C(=O)O
CHEMBL1337521,CN(c1ccccc1C(=O)Nc1ccc(S(=O)(=O)N2CCOCC2)cc1)S(C)(=O)=O
CHEMBL1337561,Cl.O=C(c1cccc(S(=O)(=O)N2CCCCC2)c1)N1CCN(Cc2ccccc2)CC1
CHEMBL1337601,CCc1ccc(NC(=O)C2CCN(S(=O)(=O)c3ccc4c(c3)N(C(C)=O)CCO4)CC2)cc1
CHEMBL1337621,O=S(=O)(c1ccccc1C(F)(F)F)N1CCC(Nc2nc(O)c3c(n2)CCCC3)CC1
CHEMBL1337772,COc1ccc(N(CC(=O)Nc2ccc(C)c(C)c2)C2=NC3CS(=O)(=O)CC3S2)cc1
CHEMBL1338133,OC1(c2ccc(Br)cc2)C[N+](c2ccccc2)=C2SCCN21.[Br-]
CHEMBL1338240,CC1=C(c2ccc(C)c(C)c2)S(=O)(=O)N=C1N1CCC(C(=O)NC(C)Cc2ccco2)CC1
CHEMBL1338269,O=C(Nc1ccc(N2CCOCC2)c(Cl)c1)c1ccc(S(=O)(=O)N2CCOCC2)cc1
CHEMBL1338362,COc1cccc(NC(=O)C(NCC(C)(C)CN(C)C)c2ccccc2)c1.O=C(O)C(=O)O
CHEMBL1339008,CC1(C)CC(=O)C2=C(C1)N(Cc1ccco1)C(=O)C2(NC(=O)C1CCCCC1)C(F)(F)F
CHEMBL1339092,I.c1ccc(Sc2cccc3ccccc23)c(CNC2=NCCN2)c1
CHEMBL1339163,Cc1cc(NC(=O)CCN2CCN(Cc3ccccc3)CC2)ccc1Br.Cl
CHEMBL1339994,O=C(c1ccc(Cl)c(S(=O)(=O)N2CCCC2)c1)N1CCN(c2ccccc2F)CC1
CHEMBL1340131,CC(NS(=O)(=O)c1ccc(Br)cc1)C(c1cccs1)N1CCN(C)CC1
CHEMBL1340602,CC1(C)CC(N2CCN(Cc3ccccc3)CC2)=CC(=[N+]2CCCCC2)C1.[I-]
CHEMBL1340868,O=C1C(NS(=O)(=O)c2ccc(Br)cc2)=C(N2CCCCC2)C(=O)c2ccccc21
CHEMBL1341196,COc1ccc(Cl)cc1NC(=O)C(C)N1CCN(C/C=C/c2ccccc2)CC1.O=C(O)C(=O)O
CHEMBL1341930,CCOC(=O)N1CCC(NC(=O)C2CCC(Cn3c(=O)[nH]c4ccccc4c3=O)CC2)CC1
CHEMBL1342202,O=C(CNCc1ccc(F)cc1)Nc1ccc(C(=O)N2CCCCC2)cc1.O=C(O)C(=O)O
CHEMBL1342962,COc1cc(Cl)c(NS(=O)(=O)c2c(C(=O)N3CCCC3)c(C)n(C)c2C)c(OC)c1
CHEMBL1343943,Cc1cc2c(cc1C)[n+](C)cn2CC(O)COCc1ccccc1.[I-]
CHEMBL1344523,CC(=O)N1c2ccc(S(=O)(=O)N3CCC(C(=O)NC4CCC(C)CC4)CC3)cc2CC1C
CHEMBL1344588,CN1CCCN(C(=O)c2ccc(Cl)c(S(=O)(=O)N(C)c3ccccc3)c2)CC1.Cl
CHEMBL1344676,O=C(Nc1cccc(Cl)c1)Nc1cc(S(=O)(=O)N2CCOCC2)ccc1N1CCCC1
CHEMBL1344740,CC1Sc2ccc(S(=O)(=O)CCC(=O)N3CCN(c4ccccc4F)CC3)cc2NC1=O
CHEMBL1344831,CN1CCN(c2ccc(S(=O)(=O)N3CCCCC3)cc2NC(=O)c2ccc(C#N)cc2)CC1
CHEMBL1345077,CCOC(=O)N1CCC(N2CCN(S(=O)(=O)c3ccc(C)cc3)CC2)CC1.O=C(O)C(=O)O
CHEMBL1345240,Cc1cc(N2CCOCC2)nc2ccc(NC(=O)CCC(=O)N3CCC4(CC3)OCCO4)cc12
CHEMBL1345254,Cn1c(-c2ccc(Br)cc2)cnc1NCc1ccc(C#N)cc1.O=C(O)C(=O)O
CHEMBL1346073,O=C(CCS(=O)(=O)c1ccc(Br)s1)Nc1ccccc1Br
CHEMBL1346881,CN1CCN(C2=Cc3cc(Cl)ccc3Sc3cc(F)ccc32)CC1.CS(=O)(=O)O
CHEMBL1346974,Cc1ccccc1C(=O)N1CCC(C(=O)Nc2ccc(S(=O)(=O)N3CCCCC3)cc2)CC1
CHEMBL1346998,O=C(O)C12CC3CC(C1)CC(n1ncc(N4CCN(c5ccccc5)CC4)c(Cl)c1=O)(C3)C2
CHEMBL1347274,O=C(Nc1cccc(Br)c1)c1ccc(Cl)c(S(=O)(=O)N2CCOCC2)c1
CHEMBL1348476,CCC12CCCN3CCC4(C(=C(C(=O)OC)C1)Nc1ccccc14)C32.I
CHEMBL1348793,CCOC(=O)N1CCN(C(=O)CC(C)S(=O)(=O)c2cc3c(cc2C)NC(=O)CO3)CC1
CHEMBL1350882,CC1CN(C(=O)c2ccc(CNS(=O)(=O)c3cccc(C(F)(F)F)c3)cc2)CC(C)O1
CHEMBL1351079,COc1cc(C2NCCC3(OCCO3)C2(C)C)cc(OC)c1OC.O=[N+]([O-])c1cc([N+](=O)[O-])c(O)c([N+](=O)[O-])c1
CHEMBL1351146,O=C(Nc1ccc(S(=O)(=O)N2CCCCC2)cc1)C1CC(=O)N(c2ccc(Cl)cc2)C1
CHEMBL1351573,COC(=O)C1C(c2ccc(Br)cc2)Nc2nnc(C(F)(F)F)n2C1(C)O.Cl
CHEMBL1352054,Br.N=C1c2ccccc2CN1NC(=O)c1cccc(S(=O)(=O)N2CCCC2)c1
CHEMBL1352385,CCOC(=O)C(CC)C1=NC(C)(C)Cc2ccccc21.O=[N+]([O-])c1cc([N+](=O)[O-])c(O)c([N+](=O)[O-])c1
CHEMBL1352928,COc1ccc(OC)c([N+]2=C3SCCCN3C(O)(c3ccccc3)C2)c1.[Br-]
CHEMBL1352970,COc1ccc(N2CCN(C(=O)c3ccccc3NC(=O)C3=C(C)OCCS3)CC2)cc1
CHEMBL1353531,COc1cccc(C(=O)N2CCN(C3CCN(Cc4ccccc4)CC3)CC2)c1.O=C(O)C(=O)O
CHEMBL1353566,O=C(CNCc1ccc(Cl)cc1)Nc1ccc(C(=O)N2CCCCC2)cc1.O=C(O)C(=O)O
CHEMBL1354195,CNc1cccc(S(=O)(=O)N2CCCN(S(=O)(=O)c3ccc4c(c3)OCCO4)CC2)c1
CHEMBL1354223,O=C(C1CCN(Cc2ccc(F)cc2)CC1)N1CCN(C/C=C/c2ccccc2)CC1.O=C(O)C(=O)O
CHEMBL1354421,COc1ccc(NC(=O)CN2CCCN(Cc3ccc(Cl)cc3)S2(=O)=O)cc1Cl
CHEMBL1354680,CNC(=O)c1c(NC(=O)c2ccc(S(=O)(=O)N3CCC(C)CC3)cc2)sc2c1CCC2
CHEMBL1355024,COc1ccc(N2C(=O)CSC23C(=O)N(CC(=O)NC2CCCCC2)c2ccccc23)cc1
CHEMBL1355374,CC1CCN(S(=O)(=O)c2ccc(NC(=O)[C@@H]3CCCN3C(=O)c3cccs3)cc2)CC1
CHEMBL1355465,CC(=O)N1c2ccc(S(=O)(=O)N3CCCCCC3)cc2CC1C(=O)NCc1cccc(C)c1
CHEMBL1355599,CC(=O)N1c2ccc(S(=O)(=O)N3CCC(C(=O)NC4CCCCC4C)CC3)cc2CC1C
CHEMBL1355607,Cc1ccc(CNC(=O)CN2C(=O)C3CCCCN3c3ccc(C(=O)N4CCCC4)cc32)cc1
CHEMBL1355814,Cc1ccc(C)c(N2CCN(C(=O)c3cc(S(=O)(=O)N4CCCCCC4)cn3C)CC2)c1
CHEMBL1355892,CCC(=O)N1CCCc2cc(S(=O)(=O)N3CCC(C(=O)Nc4ccc(C#N)cc4)CC3)ccc21
CHEMBL1355961,CN1CCN(C2Cc3ccc(Cl)cc3Sc3ccc(F)cc32)CC1.CS(=O)(=O)O
CHEMBL1355991,CCOc1ccc(CNC(=O)C2CCN(C(=O)N3CC(CC)Oc4ccccc43)CC2)cc1
CHEMBL1355992,Cc1c(CC(=O)N2CCC(C(N)=O)CC2)c(=O)oc2cc3c(cc12)CCC1(CCCCC1)O3
CHEMBL1356387,O=C(Nc1ccc(Cl)c(S(=O)(=O)N2CCOCC2)c1)C1=NN(c2ccccc2)C(=O)CC1
CHEMBL1356513,CCc1ccc(NC(=O)C2CCCN2S(=O)(=O)c2ccc3c(c2)C(C)(C)C(=O)N3C)cc1
CHEMBL1356967,CC(NC(=O)Cc1ccc(S(=O)(=O)N2CCOCC2)s1)c1ccc(Cl)c(Cl)c1
CHEMBL1357218,CC(=O)N1CCN(S(=O)(=O)c2cccc(C(=O)Nc3ccccc3N3CCCC3)c2)CC1
CHEMBL1357564,COc1ccc(C2=C(C)C(N3CCC(C(=O)Nc4ccccc4F)CC3)=NS2(=O)=O)cc1
CHEMBL1357760,CN(C(=O)Cc1ccc(Cl)c(Cl)c1)[C@@H]1CCCC[C@@H]1N1CCCC1.O=C(O)C(O)C(O)C(=O)O
CHEMBL1358130,CS(=O)(=O)c1ccc(Cl)c(NC(=O)CN2CCCC2c2ccc3c(c2)OCCCO3)c1
CHEMBL1358198,Cc1cccc(N2CCN(C(=O)c3cc(S(=O)(=O)N4CCC(C)CC4)cn3C)CC2)c1C
CHEMBL1358477,CS(=O)(=O)c1cccc(-c2csc(N3CCC(C(N)=O)CC3)n2)c1.O=C(O)C(F)(F)F
CHEMBL1358906,CS(=O)(=O)O.Cc1cccc2c1Sc1ccc(Cl)cc1CC2N1CCNCC1.O
CHEMBL1358915,COc1ccc(CN2CCN(Cc3ccc(C(F)(F)F)cc3)CC2)cc1.O=C(O)C(=O)O
CHEMBL1358918,CSc1ccc2c(c1)C(N1CCN(C)CC1)Cc1ccccc1S2.O=C(O)/C=C\C(=O)O
CHEMBL1359134,Cc1c(Cl)cccc1NC(=O)CN1C(=O)CSc2ccc(S(=O)(=O)N3CCCC3)cc21
CHEMBL1359310,Cc1cccc(N2CCN(C(=O)c3cccc(NC4=NC5CS(=O)(=O)CC5S4)c3)CC2)c1C
CHEMBL1359637,COc1ccccc1N1CCN(C2CCN(C(=O)COc3cccc(C)c3)CC2)CC1.O=C(O)C(=O)O
CHEMBL1359769,COc1cc(CN2CCC(C(=O)N3CCC(C)CC3)CC2)cc(Br)c1O.O=C(O)C(=O)O
CHEMBL1360038,O=C(O)C(=O)O.O=C(c1ccc(F)cc1)N1CCN(C2CCC(c3ccccc3)CC2)CC1
CHEMBL1360140,C[n+]1cc(C(=O)N2CCCCC2)ccc1/C=C/c1c[nH]c2ccccc12.[I-]
CHEMBL1361338,CN(CC(=O)Nc1ccc(F)cc1F)S(=O)(=O)c1ccc(C(=O)N2CCOCC2)s1
CHEMBL1361440,Br.CCN(CC)S(=O)(=O)c1cccc(C(=O)NN2Cc3ccccc3C2=N)c1
CHEMBL1361597,CCc1cccc(NC(=O)C2CCCN2S(=O)(=O)c2ccc3c(c2)CC(C)N3C(C)=O)c1
CHEMBL1361666,CN(C)S(=O)(=O)c1cccc(NC(=O)c2ccc(S(=O)(=O)N3CCCCC3)cc2)c1
CHEMBL1362049,Cc1cc(NC(=O)CCS(=O)(=O)c2cc3c4c(c2)CCN4C(=O)CC3)ccc1Br
CHEMBL1362088,CC1(C)CC(N2CCN(c3ccccc3)CC2)=CC(=[N+]2CCCC2)C1.[I-]
CHEMBL1362462,CC(=O)N1c2ccc(S(=O)(=O)N3CCCC(C(=O)Nc4cccc(F)c4)C3)cc2CC1C
CHEMBL1362665,CC1CCC(NC(=O)c2cccc(S(=O)(=O)N3CCN(c4ccc(F)cc4)CC3)c2)CC1
CHEMBL1362758,Cc1ccccc1C(=O)N1CCC(C(=O)Nc2ccc(S(=O)(=O)N(C)C(C)C)cc2)CC1
CHEMBL1362840,O=C(CNS(=O)(=O)c1ccc(Br)cc1)N1CCN(c2ccc(F)cc2)CC1
CHEMBL1363091,O=C(O)C12C[C@H]3C[C@@H](C1)CC(n1ncc(N4CCN(c5ccccc5)CC4)c(Cl)c1=O)(C3)C2
CHEMBL1363162,COc1ccc(CN2C(=O)C(CC(C)C)Nc3ncnc(N4CCOCC4)c32)cc1.O=C(O)C(F)(F)F
CHEMBL1363284,CC(=O)N1CCCc2cc(S(=O)(=O)N3CCC(C(=O)NCc4ccc(C)cc4)CC3)ccc21
CHEMBL1363593,CC1(C)C(=O)N(CC(=O)Nc2cccc(F)c2)c2ccc(S(=O)(=O)N3CCCCC3)cc21
CHEMBL1364608,O=C(CCNS(=O)(=O)c1ccc(Br)s1)N1CCN(c2ccccc2)CC1
CHEMBL1364942,Cc1ccc(N2CC(NC(=O)c3ccc(S(=O)(=O)N4CCOCC4)cc3)CC2=O)cc1C
CHEMBL1366416,O=C(c1cccc(NC2=NC3CS(=O)(=O)CC3S2)c1)N1CCN(c2ncccn2)CC1
CHEMBL1367074,Clc1ccc2c(c1)C(OC1CN3CCC1CC3)c1ccccc1CS2.O=C(O)/C=C\C(=O)O
CHEMBL1367558,CC(=O)N1CCOc2ccc(S(=O)(=O)N3CCC(C(=O)Nc4ccccc4F)CC3)cc21
CHEMBL1367577,Cc1cccc(N2CC(C(=O)Nc3ccc(S(=O)(=O)N4CCCCC4)cc3)CC2=O)c1C
CHEMBL1367673,O=C(CN1CCN(c2ncc(C(F)(F)F)cc2Cl)CC1)NC(=O)NCc1ccccc1
CHEMBL1368239,CCCCc1nc2ccccc2c(NC(=O)CN2CCN(C)CC2)c1CCC.O=C(O)C(=O)O
CHEMBL1368458,CN1CCN(C2Cc3cc(Cl)ccc3Sc3cc(F)ccc32)CC1.CS(=O)(=O)O
CHEMBL1368726,O=C(Nc1ccc(C(=O)N2CCC(N3CCOCC3)CC2)cc1)c1ccc(Br)o1.O=C(O)C(F)(F)F
CHEMBL1368878,O=C(CN1C(=O)c2ccccc2S1(=O)=O)Nc1ccc(S(=O)(=O)N2CCCCC2)cc1
CHEMBL1368897,O=C(C1CCN(Cc2ccccc2)CC1)N1CCN(C/C=C/c2ccccc2)CC1.O=C(O)C(=O)O
CHEMBL1369199,O=C(c1ccc(Cl)c(S(=O)(=O)N2CCCCCC2)c1)N1CCN(c2ccccc2O)CC1
CHEMBL1369535,O=C(CN1C(=O)CCSc2ccc(S(=O)(=O)N3CCCC3)cc21)Nc1ccccc1Cl
CHEMBL1369632,CCN1CCC[C@H]1CNC(=O)c1c(O)c(Cl)cc(Cl)c1OC.O=C(O)C(O)C(O)C(=O)O
CHEMBL1370313,COc1cc(CN2CCC(C(=O)N3CCN(c4ccccc4F)CC3)CC2)cc(OC)c1O.O=C(O)C(=O)O
CHEMBL1370327,Cc1cc(F)ccc1NC(=O)C1CCN(S(=O)(=O)c2ccc3c(c2)CCCC(=O)N3)CC1
CHEMBL1370378,Cn1cc(S(=O)(=O)N2CCOCC2)cc1C(=O)Nc1ccc(Cl)c(C(F)(F)F)c1
CHEMBL1370405,COc1cccc(NC(=O)CN2C(=O)CSc3ccc(S(=O)(=O)N4CCCC4)cc32)c1
CHEMBL1370501,CN1C(=O)C(C)(C)c2cc(S(=O)(=O)N3CCCC3C(=O)NCc3ccccc3Cl)ccc21
CHEMBL1370505,COc1ccc(N2CC(C(=O)Nc3ccc(S(=O)(=O)N4CCOCC4)cc3)CC2=O)cc1
CHEMBL1371153,CC(C)N1CCN(C(=O)c2ccc(NC(=O)c3ccc(Br)o3)cc2)CC1.O=C(O)C(F)(F)F
CHEMBL1371232,O=C(C1CCN(S(=O)(=O)c2ccc(Br)s2)CC1)N1CCc2ccccc21
CHEMBL1371300,Cc1ccc(CCNC(=O)C2CCN(S(=O)(=O)N3CCC4(CC3)OCCO4)CC2)cc1
CHEMBL1371631,CC(C)(C)NCC[C@@H](O)c1cc(C(F)(F)F)nc2c(C(F)(F)F)cccc12.O=P(O)(O)O
CHEMBL1371724,Cc1ccc(N2CCN(C(=O)CNS(=O)(=O)c3ccc(Br)s3)CC2C)cc1
CHEMBL1372169,CC(=O)Nc1ccc(S(=O)(=O)N2CCN(Cc3cccs3)CC2)cc1.O=C(O)C(=O)O
CHEMBL1372260,COc1cc(C(=O)N2CCN(c3ccccc3O)CC2)ccc1OCC(=O)N1CCOCC1
CHEMBL1372425,Cc1ccccc1C(=O)N1CCC(C(=O)Nc2ccc(S(=O)(=O)N3CCCC3)cc2)CC1
CHEMBL1373036,O=C(C1CCN(Cc2cccs2)CC1)N1CCN(Cc2ccc3c(c2)OCO3)CC1.O=C(O)C(=O)O
CHEMBL1373118,CC(C)(C)c1cc[n+](CC(=O)Nc2cc(C(F)(F)F)ccc2N2CCOCC2)cc1.[Cl-]
CHEMBL1373142,Cc1ccc(NC(=O)CN2CCC(Cc3ccccc3)CC2)cc1S(=O)(=O)N(C)C.O=C(O)C(=O)O
CHEMBL1373227,COc1cccc(NC(=O)[C@@H]2CCCN2C(=O)[C@@H]2Cc3ccccc3CN2C(=O)OC(C)(C)C)c1
CHEMBL1373761,COc1ccc2c(c1)C(C)=CC(C)(C)N2C(=O)CNCc1ccc2c(c1)OCO2.O=C(O)C(=O)O
CHEMBL1373856,CCOC(=O)Nc1ccc2c(c1)N(C(=O)CN1CCN3CCCC3C1)c1ccccc1CC2.Cl
CHEMBL1375743,Cl.O.O=C1Cc2cc(CCN3CCN(c4nsc5ccccc45)CC3)c(Cl)cc2N1
CHEMBL1376058,COC(=O)Nc1ccc2c(c1)N(C(=O)CCN1CCN3CCCC3C1)c1ccccc1CC2.Cl.O
CHEMBL1376218,O=C(Nc1nccs1)C1CCN(S(=O)(=O)c2ccc(Cl)c(C(F)(F)F)c2)CC1
CHEMBL1376544,CC1=C(c2ccc(C)c(C)c2)S(=O)(=O)N=C1N1CCC(C(=O)N2CCC(C(N)=O)CC2)CC1
CHEMBL1376651,Cc1cc(S(=O)(=O)N2CCOCC2)ccc1OCC(=O)Nc1ccccc1C(F)(F)F
CHEMBL1376679,CC(=O)N1CCN(C(=O)c2cccc(NS(=O)(=O)c3ccc(Br)cc3)c2)CC1
CHEMBL1377080,O=C(Cn1cc(C(F)(F)F)cc(Cl)c1=O)Nc1cccc(S(=O)(=O)N2CCCCC2)c1
CHEMBL1377196,CC1Cc2cc(S(=O)(=O)N3CCN(c4ccccc4F)CC3)ccc2N1C(=O)C1CCC1
CHEMBL1377401,CCOc1cc(CN2CCN(C(=O)Cc3ccccc3)CC2)ccc1OC.O=C(O)C(=O)O
CHEMBL1377546,O=S(=O)(Nc1ccc(S(=O)(=O)N2CCCCC2)cc1)c1ccc(Br)s1
CHEMBL1378040,CN(C)S(=O)(=O)c1cccc(NC(=O)c2cccc(S(=O)(=O)N3CCCCCC3)c2)c1
CHEMBL1378584,O=C(CN1CCN(c2ccccc2Cl)CC1)NC1CCCc2ccccc21.O=C(O)C(=O)O
CHEMBL1380312,FC(F)(F)c1cccc(OCCN2CCN(Cc3ccccc3)CC2)c1.O=C(O)C(=O)O
CHEMBL1381452,COc1cccc(CN2CCN(S(=O)(=O)c3ccc(NC(C)=O)cc3)CC2)c1OC.O=C(O)C(=O)O
CHEMBL1381593,Cc1ccc(S(=O)(=O)N2CCC(=O)N(CCOC(=O)Nc3cc(C)cc(C)c3)CC2)cc1
CHEMBL1381807,Cc1ccc(S(=O)(=O)N(C)C)cc1NC(=O)CN1CCN(Cc2ccccc2)CC1.Cl
CHEMBL1382045,CC1(C)CC(=O)c2cc(C(=O)N3CCN(CCO)CC3)c(=O)n(-c3ccc(Cl)cc3)c2C1
CHEMBL1382218,CCOC(=O)N1CCN(S(=O)(=O)c2ccc(F)c(C(=O)Nc3cc(C)cc(C)c3)c2)CC1
CHEMBL1382335,O=C(CN1C(=O)C2CCCCN2C(=O)c2ccccc21)Nc1ccc(F)cc1.O=C(O)C(=O)O
CHEMBL1382459,Cc1cc(NC(=O)C2CCN(S(=O)(=O)c3c(C)noc3C)CC2)ccc1Br
CHEMBL1383567,Cc1n[nH]c(C)c1S(=O)(=O)N1CCCC(C(=O)N2CCN(c3ccc(Cl)cc3)CC2)C1
CHEMBL1383645,CC1CCN(S(=O)(=O)c2ccc(NC(=O)CN3CCN(c4ccccc4)CC3)cc2)CC1
CHEMBL1384096,COc1cc(OC)c(OC)cc1CN1CCCC(C(=O)N2CCCC2)C1.O=C(O)C(=O)O
CHEMBL1384611,O=C(CCN1CCN(C/C=C/c2ccccc2)CC1)Nc1ccccc1F.O=C(O)C(=O)O
CHEMBL1384725,CC(O)CNC(=O)C1CCN(Cc2ccc(OCc3ccccc3)cc2)CC1.O=C(O)C(=O)O
CHEMBL1386720,COc1ccc(CN(C)CC(=O)Nc2ccccc2C(F)(F)F)c(OC)c1.O=C(O)C(=O)O
CHEMBL1387150,CC(=O)C1=C(O)C(=O)N(c2ccc(Br)cn2)C1c1ccc(Br)cc1
CHEMBL1387178,Cc1nc(-c2ccc(S(=O)(=O)NCC3CCN(C(=O)OC(C)(C)C)CC3)s2)cs1
CHEMBL1387455,COc1cc(OC)cc(C(=O)N2CCN(C3CCN(Cc4ccccc4)CC3)CC2)c1.O=C(O)C(=O)O
CHEMBL1387684,CC1CCN(C2=C(NS(=O)(=O)c3ccc(Br)cc3)C(=O)c3ccccc3C2=O)CC1
CHEMBL1387730,O=C1CN(C(=O)CCN2CCOCC2)C(c2ccccc2)c2cc(Br)ccc2N1
CHEMBL1387952,Cc1ccc(C)c(N2CCN(C(=O)CCS(=O)(=O)c3ccc4c(c3)NC(=O)CO4)CC2)c1
CHEMBL1388052,CCCC[N+]12C3C[C@H](C4[C@H](O)[C@]5(C[C@@H]41)c1ccccc1N(C)[C@@H]35)[C@H](CC)[C@H]2O.[I-]
CHEMBL1388389,Cl.OC(COc1c(Br)cc(Br)cc1Br)CN1CCOCC1
CHEMBL1388537,O=C(CNS(=O)(=O)c1ccc(Br)s1)N1CCN(C(=O)c2ccco2)CC1
CHEMBL1389219,O=C(CN1CCCCC1)Nc1c2c(nc3ccccc13)N(c1ccccc1)CC2.O=C(O)C(=O)O
CHEMBL1389261,CCN(CC)S(=O)(=O)c1ccc(NC(=O)CNC2CCCCC2)cc1.O=C(O)C(=O)O
CHEMBL1389312,CC1CCN(S(=O)(=O)c2ccc(NC(=O)C3CCN(C(=O)c4ccco4)CC3)cc2)CC1
CHEMBL1389541,O=C(NCCS(=O)(=O)N1CCN(c2ccc(F)cc2)CC1)c1ccc(Br)o1
CHEMBL1389909,Cc1ccc(NC(=O)CN(C)CC(=O)Nc2ccc(N3CCOCC3)cc2)cc1F.O=C(O)C(=O)O
CHEMBL1390339,O=C(CN1CCN(C(c2ccccc2)c2ccccc2)CC1)N1CCOCC1.O=C(O)C(=O)O
CHEMBL1390365,CC1=CC(c2ccc(Cl)cc2)n2nc(N3C(=O)CCC3=O)nc2N1.O=C(O)CCC(=O)O
CHEMBL1390403,CN(C)S(=O)(=O)c1cc(NC(=O)CN2CCN(c3ccccc3F)CC2)ccc1Cl
CHEMBL1390750,Br.O=C(CN1C2=NCCCN2c2ccccc21)c1ccc(Br)s1
CHEMBL1391539,CC1CCN(S(=O)(=O)c2ccc(NC(=O)CN3CCCC3)cc2)CC1.O=C(O)C(=O)O
CHEMBL1391966,CC1CN(C2CCN(C(=O)COc3ccc(Cl)cc3)CC2)CC(C)O1.O=C(O)C(=O)O
CHEMBL1393210,Cc1ccc(Cl)cc1N1CCN(CC(=O)Nc2ccc(CN3CCCCC3)cc2)CC1.Cl
CHEMBL1393230,Cc1ccc(S(=O)(=O)N2CCOCC2)cc1NC(=O)CNCc1ccccn1.O=C(O)C(=O)O
CHEMBL1393415,O=C(CNCc1cccnc1)Nc1cc(C(F)(F)F)ccc1N1CCOCC1.O=C(O)C(=O)O
CHEMBL1393421,CN(C)S(=O)(=O)c1ccc(N2CCCC2)c(C(=O)Nc2ccc(N3CCOCC3)cc2)c1
CHEMBL1393704,CCOC(=O)N1CCC(NC(=O)c2ccc3c(c2)N(Cc2ccc(C)cc2)CCS3)CC1
CHEMBL1394106,CCc1ccc(NC(=O)C2CCCN(S(=O)(=O)c3ccc4c(c3)CC(C)N4C(C)=O)C2)cc1
CHEMBL1394157,Cc1ccc(C)c(S(=O)(=O)N2CCC3(CC2)OCCN3S(=O)(=O)c2cccs2)c1
CHEMBL1394656,O=C(CN1C(=O)CCSc2ccc(S(=O)(=O)N3CCCC3)cc21)Nc1cccc(Cl)c1
CHEMBL1394718,CC(=O)N1CCCc2cc(S(=O)(=O)N3CCC(C(=O)Nc4c(C)cccc4C)CC3)ccc21
CHEMBL1395118,COc1ccc(Cl)cc1NC(=O)CN(C)S(=O)(=O)c1ccc2c(c1)CCCN2C(C)=O
CHEMBL1395410,CC1Nc2ncnc(N3CCOCC3)c2N(Cc2ccc(Cl)cc2)C1=O.O=C(O)C(F)(F)F
CHEMBL1395631,Cc1ccc(S(=O)(=O)N2CCC(C(=O)Nc3ccccc3N3CCCCC3)CC2)cc1C
CHEMBL1395686,CN1CCN(C(=O)c2cnn(-c3ccccc3)c2C2CCN(C(=O)OC(C)(C)C)CC2)CC1
CHEMBL1395798,CCc1ccc(C2=C(C)C(N3CCC(C(=O)Nc4cccc(OC)c4)CC3)=NS2(=O)=O)cc1
CHEMBL1396768,NC(=O)C1CCN(c2nc(-c3ccccc3C(F)(F)F)cs2)CC1.O=C(O)C(F)(F)F
CHEMBL1396779,CCc1cccc(NC(=O)C2CCN(S(=O)(=O)c3ccc4c(c3)CC(C)N4C(C)=O)CC2)c1
CHEMBL1396805,O=C(Nc1ccccc1Cl)c1cc(S(=O)(=O)N2CCC3(CC2)OCCO3)ccc1F
CHEMBL1397127,Cc1ccc(C)c(NC(=O)N2CCC(N3CCN(Cc4ccc(F)cc4)C(=O)C3=O)CC2)c1
CHEMBL1398365,CNC(=O)C1CCC(Cn2c(=O)c3sccc3n(CC(=O)N3CCCCC3C)c2=O)CC1
CHEMBL1398426,CN(CC(=O)Nc1ccc(Cl)c(C(F)(F)F)c1)C(=O)c1ccc2c(c1)NC(=O)CS2
CHEMBL1398432,CC1CCN(S(=O)(=O)c2ccc3c(c2)N(CC(=O)NCc2ccccc2)C(=O)CO3)CC1
CHEMBL1398908,Cc1ccc(Cl)cc1N1CCN(C(=O)CCS(=O)(=O)c2ccc3c(c2)NC(=O)CO3)CC1
CHEMBL1398994,COc1ccc(CN2CCN(C(=O)COc3cccc(C)c3)CC2)c(OC)c1.O=C(O)C(=O)O
CHEMBL1399177,COc1cccc(NC(=O)c2ccc3c(c2)N(CC(=O)N2CCCCC2)C(=O)C(C)(C)O3)c1
CHEMBL1399419,COc1cccc(CN(C)CC(O)COc2cc(Cl)ccc2Cl)c1.O=C(O)C(=O)O
CHEMBL1399611,CCN(c1ccccc1)S(=O)(=O)c1ccc(OC)c(NC(=O)CN(C)C)c1.O=C(O)C(=O)O
CHEMBL1399645,CC(O)C(C)OC(=O)[C@@H]1C[C@@H]2c3cccc4c3c(cn4C(C)C)C[C@H]2N(C)C1.O=C(O)/C=C\C(=O)O
CHEMBL1399663,CCC1=NN(C(=O)c2cccc(Br)c2)C(O)(c2ccc(Br)cc2)C1
CHEMBL1399836,O=C(Nc1cc(S(=O)(=O)N2CCOCC2)ccc1N1CCCC1)C1COc2ccccc2O1
CHEMBL1400035,CC1CCCC(NC(=O)CN2CCN(S(=O)(=O)c3ccc(Br)s3)CC2)C1C
CHEMBL1400260,CCc1ccc(NC(=O)C2CCN(S(=O)(=O)c3ccc4c(c3)CC(C)N4C(C)=O)CC2)cc1
CHEMBL1400336,CC1CN=C(N(C(=O)Nc2ccccc2)c2ccc(S(=O)(=O)N3CCOCC3)cc2)S1
CHEMBL1400430,O=C(C1CC1)N1CCc2cc(Br)cc(S(=O)(=O)NCc3ccc4c(c3)OCO4)c21
CHEMBL1400639,CC(=O)Nc1ccc(S(=O)(=O)N2CCN(Cc3ccccn3)CC2)cc1.O=C(O)C(=O)O
CHEMBL1400711,COc1cc(OC)c(OC)cc1CN1CCN(Cc2cccc(F)c2)CC1.O=C(O)C(=O)O
CHEMBL1400733,Cc1ccc(S(=O)(=O)N2CCOCC2)cc1C(=O)Nc1ccc(N2CCCCCC2)cc1
CHEMBL1400737,Cc1ccc(Cl)cc1N1CCN(S(=O)(=O)c2c(C)[nH]c(C)c2C(=O)N2CCCCC2)CC1
CHEMBL1400873,CC(=O)N1CCN(S(=O)(=O)c2cccc(C(=O)Nc3ccccc3N3CCOCC3)c2)CC1
CHEMBL1400973,CCOC(=O)N1CCN(CC(=O)N2c3ccccc3Sc3ccccc32)CC1.O=C(O)C(=O)O
CHEMBL1401040,Cc1ccc(NC(=O)Cn2ncc(Cl)c(Cl)c2=O)cc1S(=O)(=O)N1CCCCC1
CHEMBL1401421,CC1CCN(S(=O)(=O)c2ccc3c(c2)CCC(=O)N3CC(=O)Nc2cccc(C#N)c2)CC1
CHEMBL1401532,Cc1ccc(S(=O)(=O)N2CCCCC2)cc1NC(=O)CNCc1ccco1.O=C(O)C(=O)O
CHEMBL1402205,O=C(CN1CCCC1)Nc1c2c(nc3ccccc13)N(Cc1ccccc1)CC2.O=C(O)C(=O)O
CHEMBL1402729,CS(=O)(=O)c1ccc2nc(NC(=O)CN3CCCCCC3)sc2c1.O=C(O)C(=O)O
CHEMBL1402768,Cc1cccc(-n2ncc(C(=O)NC3CCCC3)c2C2CCN(C(=O)OC(C)(C)C)CC2)c1
CHEMBL1402872,CCOC(=O)c1c(C)oc2c(CN3CCN(C)CC3)c(Br)c(OC)c(O)c12.Cl
CHEMBL1403239,CC(=O)N1c2ccc(S(=O)(=O)N3CCC(C(=O)Nc4cc(C)cc(C)c4)CC3)cc2CC1C
CHEMBL1403701,CC(NC(=O)C1CCN(S(=O)(=O)c2ccc(Br)s2)CC1)c1ccccc1
CHEMBL1403948,Cc1cc(Br)ccc1NC(=O)CN(C)C(=O)COc1cccc2c1OC(C)(C)C2
CHEMBL1405568,CCOC(=O)N1CCN(C(=O)c2cccc(S(=O)(=O)Nc3ccccc3Cl)c2)CC1
CHEMBL1405743,CC(=O)N1c2ccc(S(=O)(=O)N3CCCC3C(=O)NCc3ccccc3Cl)cc2CC1C
CHEMBL1405755,O=C(Nc1cccc(Cl)c1)c1cc(S(=O)(=O)N2CCC3(CC2)OCCO3)ccc1F
CHEMBL1406060,CSc1ccc(CN2CCN(C(=O)COc3ccc(C)cc3)CC2)cc1.O=C(O)C(=O)O
CHEMBL1406132,CCC(=O)N1CCc2cc(Br)cc(S(=O)(=O)NCCc3ccc(C)cc3)c21
CHEMBL1406265,COc1cccc(C(=O)N2CCN(CCCc3ccccc3)CC2)c1OC.O=C(O)C(=O)O
CHEMBL1406574,O=C(CC1N=C2c3ccccc3N=C(SCc3ccc(F)cc3)N2C1=O)NC1CCCCC1
CHEMBL1406685,CC(=O)Nc1cc(C(=O)N2CCC3(CC2)OCCO3)ccc1S(=O)(=O)c1ccc(Cl)cc1
CHEMBL1407012,Cl.O=S(=O)(c1cccc2c(I)cccc12)N1CCCNCC1
CHEMBL1407354,COc1ccc(CN2CCN(C(=O)c3cccnc3)CC2)cc1Br.O=C(O)C(=O)O
CHEMBL1407858,Cc1ccc(S(=O)(=O)N2CCC(C(=O)Nc3ccc(N4CCOCC4)cc3)CC2)cc1C
CHEMBL1407998,Cc1ccc(S(=O)(=O)N2CCC(=O)N(CCOC(=O)Nc3cccc(Cl)c3)CC2)cc1
CHEMBL1408354,Cc1cc(C)c(S(=O)(=O)NCC2CCC(C(=O)N3CCC4(CC3)OCCO4)CC2)c(C)c1
CHEMBL1408519,CN1CCCC1CCOC(C)(c1ccccc1)c1ccc(Cl)cc1.O=C(O)/C=C/C(=O)O
CHEMBL1408616,Cc1ccc(NC(=O)c2cc(S(=O)(=O)N3CCCC(C)C3)cn2C)c(Br)c1
CHEMBL1409062,Cc1ccc(C)c(N2CCN(C(=O)CN(C)S(=O)(=O)c3ccc4c(c3)CCC(=O)N4)CC2)c1
CHEMBL1409202,CCOC(=O)Nc1ccc2c(c1)N(C(=O)CCN1CCOCC1)c1ccccc1[S+]2[O-].Cl
CHEMBL1409253,CCOC(=O)N1CCC(N2CCN(S(=O)(=O)c3ccc(NC(C)=O)cc3)CC2)CC1.O=C(O)C(=O)O
CHEMBL1409660,CC1=C(c2ccc(C)c(C)c2)S(=O)(=O)N=C1N1CCC(C(=O)NCc2ccccc2C)CC1
CHEMBL1409886,O=C(Nc1ccc2c(c1)OCO2)C1CCN(c2ccc(S(=O)(=O)N3CCOCC3)cc2)CC1
CHEMBL1410748,CN1CCN(c2ccc3ccccc3n2)CC1.O=C(O)/C=C\C(=O)O.O=C(O)/C=C\C(=O)O
CHEMBL1410767,O=C(N/C(=C\c1ccc2c(c1)OCO2)C(=O)N1CCOCC1)c1ccccc1Br
CHEMBL1412114,CN1CCN(C2=Cc3ccccc3Sc3cc(F)c(Cl)cc32)CC1.O=C(O)/C=C\C(=O)O
CHEMBL1412684,COc1ccccc1N1CCN(C2CCN(C(=O)c3cccc(F)c3)CC2)CC1.O=C(O)C(=O)O
CHEMBL1412835,COc1ccc(OCC(=O)N2CCN(Cc3c[nH]c4ccccc34)CC2)cc1.O=C(O)C(=O)O
CHEMBL1414052,Cc1ccc(NC(=O)CN2CCCN(S(=O)(=O)c3ccc(Br)s3)CC2)cc1
CHEMBL1414076,COc1cccc(C(=O)N2CCN(Cc3ccccc3C(F)(F)F)CC2)c1.O=C(O)C(=O)O
CHEMBL1414459,CCc1ccc(CNC(=O)C2Cc3cc(S(=O)(=O)N4CCCC4)ccc3N2C(C)=O)cc1
CHEMBL1414471,COc1ccc(S(=O)(=O)N2CCC(N3CCN(Cc4ccccc4)CC3)CC2)cc1.O=C(O)C(=O)O
CHEMBL1415382,O=C(Nc1ccccc1)N1CCC(C(=O)N2CCN(S(=O)(=O)c3cccc(F)c3)CC2)CC1
CHEMBL1415387,CC(C)(C)c1ccc(S(=O)(=O)N2CCN(CC(=O)N3CC(=O)Nc4ccccc43)CC2)cc1
CHEMBL1415719,Cc1ccc2c(c1)N(C(=O)N1CCC(C(=O)NCCc3ccc(Cl)cc3)CC1)CC(C)O2
CHEMBL1416615,CC(C)N1CCc2c(sc(NC(=O)c3ccc(S(=O)(=O)N4CCOCC4)cc3)c2C#N)C1
CHEMBL1416888,CN1CCC(Oc2ccccc2Sc2ccccc2C(F)(F)F)CC1.O=C(O)C(=O)O
CHEMBL1416984,Cc1ccc(S(=O)(=O)N2CCC(C(=O)N3CCC[C@H]3C(=O)NCc3ccco3)CC2)cc1
CHEMBL1417145,O=C(CN1C(=O)CSc2ccc(S(=O)(=O)N3CCCCC3)cc21)NCc1ccccc1
CHEMBL1417152,CC(=O)N1CCc2cc(S(=O)(=O)C(C)CC(=O)Nc3ccc(Br)c(C)c3)ccc21
CHEMBL1417499,CC1CCCCC1NC(=O)CN1CCN(S(=O)(=O)c2ccc(Br)s2)CC1
CHEMBL1418120,CC(C)(CN1CCC(Cc2ccccc2)CC1)NS(=O)(=O)c1ccccc1.O=C(O)C(=O)O
CHEMBL1418479,CCN(CC)S(=O)(=O)c1ccc(C)c(NC(=O)CN2CCN(C)CC2)c1.O=C(O)C(=O)O
CHEMBL1418878,CC1CCCCN1CCNC(=O)C1CCCN(S(=O)(=O)c2cccc3nsnc23)C1
CHEMBL1419129,COc1ccc(NC(=O)c2ccc(Br)c(S(=O)(=O)N3CCOCC3)c2)cc1
CHEMBL1419893,CC(=O)Nc1ccc(S(=O)(=O)N2CCN(CC3CC4C=CC3C4)CC2)cc1.O=C(O)C(=O)O
CHEMBL1420060,CC1Sc2ccc(S(=O)(=O)N3CCC(C(=O)N(C)Cc4ccccc4)CC3)cc2NC1=O
CHEMBL1420631,CC1(C)C2CCC1(CS(=O)(=O)Nc1ccc(S(=O)(=O)N3CCCCC3)cc1)C(=O)C2
CHEMBL1420748,CCOc1ccccc1NC(=O)c1ccc(F)c(S(=O)(=O)N2CCC3(CC2)OCCO3)c1
CHEMBL1420887,O=C(CN1CCOCC1)Nc1c2c(nc3ccccc13)N(Cc1ccccc1)CC2.O=C(O)C(=O)O
CHEMBL1420918,O=C(Nc1cc(S(=O)(=O)N2CCOCC2)ccc1N1CCOCC1)c1cc2c(s1)CCC2
CHEMBL1421589,CC(=O)N1c2ccc(S(=O)(=O)N3CCCC(C(=O)Nc4cccc(Cl)c4)C3)cc2CC1C
CHEMBL1421624,CC1(C)CC(=O)C2=C(C1)N(CC1CCCO1)C(=O)C2(NC(=O)c1cccnc1)C(F)(F)F
CHEMBL1422372,O=C(CNCc1ccco1)Nc1cccc(S(=O)(=O)N2CCCCC2)c1.O=C(O)C(=O)O
CHEMBL1422586,CCOC(=O)N1CCN(S(=O)(=O)c2ccc(C(=O)Nc3ccc(F)cc3F)cc2)CC1
CHEMBL1423039,O=C(Nc1ccc(N2CCOCC2)cc1Cl)C1CCN(C(=O)OCc2ccccc2)CC1
CHEMBL1423297,Cc1cc(C)c(OCC(O)CN2CCN(C(=O)c3ccccc3)CC2)c(C)c1.O=C(O)C(=O)O
CHEMBL1423625,Cc1cc(C)cc(NC(=O)C(NCCN2CCOCC2)c2ccccc2)c1.O=C(O)C(=O)O
CHEMBL1424234,CC(=O)N1c2ccc(S(=O)(=O)N3CCC(C(=O)Nc4cc(C)ccn4)CC3)cc2CC1C
CHEMBL1424390,COc1ccc(C)cc1NC(=O)c1cc(S(=O)(=O)N2CCC3(CC2)OCCO3)ccc1F
CHEMBL1424629,COc1ccc(C(=O)N2CCN(CCCc3ccccc3)CC2)cc1OC.O=C(O)C(=O)O
CHEMBL1424839,COc1ccc(CN2CCN(C(=O)Cc3ccccc3)CC2)cc1Br.O=C(O)C(=O)O
CHEMBL1424964,CCCCNC(=O)CN1CCN(Cc2ccc3cc(OC)ccc3c2)CC1.O=C(O)C(=O)O
CHEMBL1425025,CC(C)(C)c1ccc(CCC2OCC(C[N+]3(C)CCOCC3)O2)cc1.[I-]
CHEMBL1425403,Cc1ccc(S(=O)(=O)Nc2cccc(NC(=O)CN3CCCCC3)c2)cc1.O=C(O)C(=O)O
CHEMBL1426091,COc1ccc(CN2CCN(C(=O)c3cccc(OC)c3OC)CC2)cc1OC.O=C(O)C(=O)O
CHEMBL1426153,CC1(C)CC(=O)C2=C(C1)OC(N)=C(C#N)C21C(=O)N(Cc2ccccc2Cl)c2ccccc21
CHEMBL1426407,COc1ccc(NC(=O)CN2CCN(Cc3ccc4c(c3)OCO4)CC2)cc1OC.O=C(O)C(=O)O
CHEMBL1427497,CN1CCN(CCC(=O)N2c3ccccc3Sc3ccc(C(F)(F)F)cc32)CC1.Cl
CHEMBL1428276,CC1=C(C(=O)Nc2cc(C(=O)N3CCN(c4cccc(C)c4C)CC3)ccc2C)SCCO1
CHEMBL1428621,CC(=O)c1cc2c(cc1NC(=O)CN1CCN(c3cccc(C(F)(F)F)c3)CC1)OCO2.Cl
CHEMBL1429081,CCOC(=O)N1CCC(NC(=O)C2CCN(c3nc(-c4ccc(OC)cc4)no3)CC2)CC1
CHEMBL1429276,O=C(NCCc1ccccc1)C1CCN(S(=O)(=O)c2ccc(Br)s2)CC1
CHEMBL1429304,CN1CCN(C(c2cccc(Cl)c2)c2ccccc2Cl)CC1.O=C(O)/C=C\C(=O)O
CHEMBL1429925,O=C(Cc1ccc(S(=O)(=O)N2CCOCC2)s1)Nc1ccc(N2CCOCC2)cc1
CHEMBL1430365,COc1ccc(C(=O)N2CCN(Cc3ccc4c(c3)OCO4)CC2)cc1OC.O=C(O)C(=O)O
CHEMBL1430581,Cc1c(C(=O)N2CCOCC2)c(S(=O)(=O)Nc2cccc(Br)c2)c(C)n1C
CHEMBL1430732,CC(C(=O)Nc1ccccc1C(=O)N1CCOCC1)N(c1ccc(Cl)cc1)S(C)(=O)=O
CHEMBL1430973,O=C(Cc1ccc(Cl)cc1)Nc1cc(S(=O)(=O)N2CCOCC2)ccc1N1CCCC1
CHEMBL1431518,CCC1CN(C(=O)N2CCC(C(=O)NCCc3ccccc3OC)CC2)c2ccccc2O1
CHEMBL1431776,CN1CCN(C2=Cc3ccc(Cl)cc3Sc3ccc(F)cc32)CC1.CS(=O)(=O)O.O
CHEMBL1431884,CC(=O)N1c2ccc(S(=O)(=O)N3CCC(C(=O)Nc4cccc(Cl)c4)CC3)cc2CC1C
CHEMBL1432170,COc1cc(OC)cc(C(=O)N2CCN(Cc3ccc4c(c3)OCO4)CC2)c1.O=C(O)C(=O)O
CHEMBL1432486,COc1ccc(NC(=O)C23CC4CC(C2)CC(n2cnc(Br)n2)(C4)C3)cc1Cl
CHEMBL1432883,CN(c1ccccc1C(=O)Nc1ccc(S(=O)(=O)N2CCCCC2)cc1)S(C)(=O)=O
CHEMBL1433307,COc1ccc(Br)cc1CN(C)CC(=O)NCCc1ccccc1.O=C(O)C(=O)O
CHEMBL1433322,CC(C)O.O=C(O)c1cc(S(=O)(=O)Nc2ccc(N3CCCCC3)cc2)ccc1Cl
CHEMBL1433513,Cc1ccc(NC(=O)CN2C(=O)COc3ccc(S(=O)(=O)N4CCCCC4)cc32)cc1Cl
CHEMBL1433682,O=C(C1CCCN(S(=O)(=O)c2cccs2)C1)N1CCN(c2cccc(Cl)c2)CC1
CHEMBL1433835,C=CC1C[N@]2CCC1CC2C(O)c1ccnc2ccc(OC)cc12.O=C(O)[C@@H](O)C(O)C(O)C(O)CO
CHEMBL1433907,CN(C(=O)Cc1ccc(Cl)c(Cl)c1)[C@@H]1CC[C@@]2(CCCO2)C[C@H]1N1CCCC1.CS(=O)(=O)O
CHEMBL1433966,Cc1cc(C)cc(NC(=O)CN2C(=O)CCc3cc(S(=O)(=O)N4CCCCC4)ccc32)c1
CHEMBL1434330,CN1CCCC1CCO[C@@](C)(c1ccccc1)c1ccc(Cl)cc1.O=C(O)/C=C/C(=O)O
CHEMBL1434749,O=C(CN1C(=O)CSc2ccc(S(=O)(=O)N3CCCC3)cc21)Nc1cccc(Cl)c1
CHEMBL1434962,CCOc1ccc(NC(=O)C2CCN(C(=O)N3CC(C)Oc4ccc(Cl)cc43)CC2)cc1
CHEMBL1435206,Cc1ccc(NC(=O)c2cc(S(=O)(=O)N3CCC4(CC3)OCCO4)ccc2F)cc1Cl
